h2_kwh_per_kg,pressure_bar,conversion,n2_recovery,electricity_usd_mwh,lcoa_usd_per_t,specific_kwh_kg,renewable_kgco2_kg,feasible
48,100,0.12,0.88,30,693.5653204560064,10.613336947788678,0.5306668473894339,True
48,100,0.12,0.88,45,852.7653746728366,10.613336947788678,0.5306668473894339,True
48,100,0.12,0.88,60,1011.9654288896669,10.613336947788678,0.5306668473894339,True
48,100,0.12,0.88,75,1171.1654831064968,10.613336947788678,0.5306668473894339,True
48,100,0.12,0.88,90,1330.365537323327,10.613336947788678,0.5306668473894339,True
48,100,0.12,0.92,30,693.5653204560064,10.613336947788678,0.5306668473894339,True
48,100,0.12,0.92,45,852.7653746728366,10.613336947788678,0.5306668473894339,True
48,100,0.12,0.92,60,1011.9654288896669,10.613336947788678,0.5306668473894339,True
48,100,0.12,0.92,75,1171.1654831064968,10.613336947788678,0.5306668473894339,True
48,100,0.12,0.92,90,1330.365537323327,10.613336947788678,0.5306668473894339,True
48,100,0.12,0.96,30,693.5653204560064,10.613336947788678,0.5306668473894339,True
48,100,0.12,0.96,45,852.7653746728366,10.613336947788678,0.5306668473894339,True
48,100,0.12,0.96,60,1011.9654288896669,10.613336947788678,0.5306668473894339,True
48,100,0.12,0.96,75,1171.1654831064968,10.613336947788678,0.5306668473894339,True
48,100,0.12,0.96,90,1330.365537323327,10.613336947788678,0.5306668473894339,True
48,100,0.16,0.88,30,680.971308472538,10.193536548339727,0.5096768274169864,True
48,100,0.16,0.88,45,833.8743566976339,10.193536548339727,0.5096768274169864,True
48,100,0.16,0.88,60,986.7774049227297,10.193536548339727,0.5096768274169864,True
48,100,0.16,0.88,75,1139.6804531478258,10.193536548339727,0.5096768274169864,True
48,100,0.16,0.88,90,1292.5835013729215,10.193536548339727,0.5096768274169864,True
48,100,0.16,0.92,30,680.971308472538,10.193536548339727,0.5096768274169864,True
48,100,0.16,0.92,45,833.8743566976339,10.193536548339727,0.5096768274169864,True
48,100,0.16,0.92,60,986.7774049227297,10.193536548339727,0.5096768274169864,True
48,100,0.16,0.92,75,1139.6804531478258,10.193536548339727,0.5096768274169864,True
48,100,0.16,0.92,90,1292.5835013729215,10.193536548339727,0.5096768274169864,True
48,100,0.16,0.96,30,680.971308472538,10.193536548339727,0.5096768274169864,True
48,100,0.16,0.96,45,833.8743566976339,10.193536548339727,0.5096768274169864,True
48,100,0.16,0.96,60,986.7774049227297,10.193536548339727,0.5096768274169864,True
48,100,0.16,0.96,75,1139.6804531478258,10.193536548339727,0.5096768274169864,True
48,100,0.16,0.96,90,1292.5835013729215,10.193536548339727,0.5096768274169864,True
48,100,0.2,0.88,30,673.4149012824569,9.941656308670357,0.49708281543351784,True
48,100,0.2,0.88,45,822.5397459125122,9.941656308670357,0.49708281543351784,True
48,100,0.2,0.88,60,971.6645905425676,9.941656308670357,0.49708281543351784,True
48,100,0.2,0.88,75,1120.789435172623,9.941656308670357,0.49708281543351784,True
48,100,0.2,0.88,90,1269.9142798026783,9.941656308670357,0.49708281543351784,True
48,100,0.2,0.92,30,673.4149012824569,9.941656308670357,0.49708281543351784,True
48,100,0.2,0.92,45,822.5397459125122,9.941656308670357,0.49708281543351784,True
48,100,0.2,0.92,60,971.6645905425676,9.941656308670357,0.49708281543351784,True
48,100,0.2,0.92,75,1120.789435172623,9.941656308670357,0.49708281543351784,True
48,100,0.2,0.92,90,1269.9142798026783,9.941656308670357,0.49708281543351784,True
48,100,0.2,0.96,30,673.4149012824569,9.941656308670357,0.49708281543351784,True
48,100,0.2,0.96,45,822.5397459125122,9.941656308670357,0.49708281543351784,True
48,100,0.2,0.96,60,971.6645905425676,9.941656308670357,0.49708281543351784,True
48,100,0.2,0.96,75,1120.789435172623,9.941656308670357,0.49708281543351784,True
48,100,0.2,0.96,90,1269.9142798026783,9.941656308670357,0.49708281543351784,True
48,100,0.24,0.88,30,668.3772964890694,9.773736148890777,0.48868680744453885,True
48,100,0.24,0.88,45,814.9833387224309,9.773736148890777,0.48868680744453885,True
48,100,0.24,0.88,60,961.5893809557925,9.773736148890777,0.48868680744453885,True
48,100,0.24,0.88,75,1108.195423189154,9.773736148890777,0.48868680744453885,True
48,100,0.24,0.88,90,1254.8014654225158,9.773736148890777,0.48868680744453885,True
48,100,0.24,0.92,30,668.3772964890694,9.773736148890777,0.48868680744453885,True
48,100,0.24,0.92,45,814.9833387224309,9.773736148890777,0.48868680744453885,True
48,100,0.24,0.92,60,961.5893809557925,9.773736148890777,0.48868680744453885,True
48,100,0.24,0.92,75,1108.195423189154,9.773736148890777,0.48868680744453885,True
48,100,0.24,0.92,90,1254.8014654225158,9.773736148890777,0.48868680744453885,True
48,100,0.24,0.96,30,668.3772964890694,9.773736148890777,0.48868680744453885,True
48,100,0.24,0.96,45,814.9833387224309,9.773736148890777,0.48868680744453885,True
48,100,0.24,0.96,60,961.5893809557925,9.773736148890777,0.48868680744453885,True
48,100,0.24,0.96,75,1108.195423189154,9.773736148890777,0.48868680744453885,True
48,100,0.24,0.96,90,1254.8014654225158,9.773736148890777,0.48868680744453885,True
48,100,0.28,0.88,30,664.7790073509356,9.653793177619646,0.48268965888098236,True
48,100,0.28,0.88,45,809.5859050152302,9.653793177619646,0.48268965888098236,True
48,100,0.28,0.88,60,954.392802679525,9.653793177619646,0.48268965888098236,True
48,100,0.28,0.88,75,1099.1997003438196,9.653793177619646,0.48268965888098236,True
48,100,0.28,0.88,90,1244.0065980081142,9.653793177619646,0.48268965888098236,True
48,100,0.28,0.92,30,664.7790073509356,9.653793177619646,0.48268965888098236,True
48,100,0.28,0.92,45,809.5859050152302,9.653793177619646,0.48268965888098236,True
48,100,0.28,0.92,60,954.392802679525,9.653793177619646,0.48268965888098236,True
48,100,0.28,0.92,75,1099.1997003438196,9.653793177619646,0.48268965888098236,True
48,100,0.28,0.92,90,1244.0065980081142,9.653793177619646,0.48268965888098236,True
48,100,0.28,0.96,30,664.7790073509356,9.653793177619646,0.48268965888098236,True
48,100,0.28,0.96,45,809.5859050152302,9.653793177619646,0.48268965888098236,True
48,100,0.28,0.96,60,954.392802679525,9.653793177619646,0.48268965888098236,True
48,100,0.28,0.96,75,1099.1997003438196,9.653793177619646,0.48268965888098236,True
48,100,0.28,0.96,90,1244.0065980081142,9.653793177619646,0.48268965888098236,True
48,125,0.12,0.88,30,693.5653204560064,10.613336947788678,0.5306668473894339,True
48,125,0.12,0.88,45,852.7653746728366,10.613336947788678,0.5306668473894339,True
48,125,0.12,0.88,60,1011.9654288896669,10.613336947788678,0.5306668473894339,True
48,125,0.12,0.88,75,1171.1654831064968,10.613336947788678,0.5306668473894339,True
48,125,0.12,0.88,90,1330.365537323327,10.613336947788678,0.5306668473894339,True
48,125,0.12,0.92,30,693.5653204560064,10.613336947788678,0.5306668473894339,True
48,125,0.12,0.92,45,852.7653746728366,10.613336947788678,0.5306668473894339,True
48,125,0.12,0.92,60,1011.9654288896669,10.613336947788678,0.5306668473894339,True
48,125,0.12,0.92,75,1171.1654831064968,10.613336947788678,0.5306668473894339,True
48,125,0.12,0.92,90,1330.365537323327,10.613336947788678,0.5306668473894339,True
48,125,0.12,0.96,30,693.5653204560064,10.613336947788678,0.5306668473894339,True
48,125,0.12,0.96,45,852.7653746728366,10.613336947788678,0.5306668473894339,True
48,125,0.12,0.96,60,1011.9654288896669,10.613336947788678,0.5306668473894339,True
48,125,0.12,0.96,75,1171.1654831064968,10.613336947788678,0.5306668473894339,True
48,125,0.12,0.96,90,1330.365537323327,10.613336947788678,0.5306668473894339,True
48,125,0.16,0.88,30,680.971308472538,10.193536548339727,0.5096768274169864,True
48,125,0.16,0.88,45,833.8743566976339,10.193536548339727,0.5096768274169864,True
48,125,0.16,0.88,60,986.7774049227297,10.193536548339727,0.5096768274169864,True
48,125,0.16,0.88,75,1139.6804531478258,10.193536548339727,0.5096768274169864,True
48,125,0.16,0.88,90,1292.5835013729215,10.193536548339727,0.5096768274169864,True
48,125,0.16,0.92,30,680.971308472538,10.193536548339727,0.5096768274169864,True
48,125,0.16,0.92,45,833.8743566976339,10.193536548339727,0.5096768274169864,True
48,125,0.16,0.92,60,986.7774049227297,10.193536548339727,0.5096768274169864,True
48,125,0.16,0.92,75,1139.6804531478258,10.193536548339727,0.5096768274169864,True
48,125,0.16,0.92,90,1292.5835013729215,10.193536548339727,0.5096768274169864,True
48,125,0.16,0.96,30,680.971308472538,10.193536548339727,0.5096768274169864,True
48,125,0.16,0.96,45,833.8743566976339,10.193536548339727,0.5096768274169864,True
48,125,0.16,0.96,60,986.7774049227297,10.193536548339727,0.5096768274169864,True
48,125,0.16,0.96,75,1139.6804531478258,10.193536548339727,0.5096768274169864,True
48,125,0.16,0.96,90,1292.5835013729215,10.193536548339727,0.5096768274169864,True
48,125,0.2,0.88,30,673.4149012824569,9.941656308670357,0.49708281543351784,True
48,125,0.2,0.88,45,822.5397459125122,9.941656308670357,0.49708281543351784,True
48,125,0.2,0.88,60,971.6645905425676,9.941656308670357,0.49708281543351784,True
48,125,0.2,0.88,75,1120.789435172623,9.941656308670357,0.49708281543351784,True
48,125,0.2,0.88,90,1269.9142798026783,9.941656308670357,0.49708281543351784,True
48,125,0.2,0.92,30,673.4149012824569,9.941656308670357,0.49708281543351784,True
48,125,0.2,0.92,45,822.5397459125122,9.941656308670357,0.49708281543351784,True
48,125,0.2,0.92,60,971.6645905425676,9.941656308670357,0.49708281543351784,True
48,125,0.2,0.92,75,1120.789435172623,9.941656308670357,0.49708281543351784,True
48,125,0.2,0.92,90,1269.9142798026783,9.941656308670357,0.49708281543351784,True
48,125,0.2,0.96,30,673.4149012824569,9.941656308670357,0.49708281543351784,True
48,125,0.2,0.96,45,822.5397459125122,9.941656308670357,0.49708281543351784,True
48,125,0.2,0.96,60,971.6645905425676,9.941656308670357,0.49708281543351784,True
48,125,0.2,0.96,75,1120.789435172623,9.941656308670357,0.49708281543351784,True
48,125,0.2,0.96,90,1269.9142798026783,9.941656308670357,0.49708281543351784,True
48,125,0.24,0.88,30,668.3772964890694,9.773736148890777,0.48868680744453885,True
48,125,0.24,0.88,45,814.9833387224309,9.773736148890777,0.48868680744453885,True
48,125,0.24,0.88,60,961.5893809557925,9.773736148890777,0.48868680744453885,True
48,125,0.24,0.88,75,1108.195423189154,9.773736148890777,0.48868680744453885,True
48,125,0.24,0.88,90,1254.8014654225158,9.773736148890777,0.48868680744453885,True
48,125,0.24,0.92,30,668.3772964890694,9.773736148890777,0.48868680744453885,True
48,125,0.24,0.92,45,814.9833387224309,9.773736148890777,0.48868680744453885,True
48,125,0.24,0.92,60,961.5893809557925,9.773736148890777,0.48868680744453885,True
48,125,0.24,0.92,75,1108.195423189154,9.773736148890777,0.48868680744453885,True
48,125,0.24,0.92,90,1254.8014654225158,9.773736148890777,0.48868680744453885,True
48,125,0.24,0.96,30,668.3772964890694,9.773736148890777,0.48868680744453885,True
48,125,0.24,0.96,45,814.9833387224309,9.773736148890777,0.48868680744453885,True
48,125,0.24,0.96,60,961.5893809557925,9.773736148890777,0.48868680744453885,True
48,125,0.24,0.96,75,1108.195423189154,9.773736148890777,0.48868680744453885,True
48,125,0.24,0.96,90,1254.8014654225158,9.773736148890777,0.48868680744453885,True
48,125,0.28,0.88,30,664.7790073509356,9.653793177619646,0.48268965888098236,True
48,125,0.28,0.88,45,809.5859050152302,9.653793177619646,0.48268965888098236,True
48,125,0.28,0.88,60,954.392802679525,9.653793177619646,0.48268965888098236,True
48,125,0.28,0.88,75,1099.1997003438196,9.653793177619646,0.48268965888098236,True
48,125,0.28,0.88,90,1244.0065980081142,9.653793177619646,0.48268965888098236,True
48,125,0.28,0.92,30,664.7790073509356,9.653793177619646,0.48268965888098236,True
48,125,0.28,0.92,45,809.5859050152302,9.653793177619646,0.48268965888098236,True
48,125,0.28,0.92,60,954.392802679525,9.653793177619646,0.48268965888098236,True
48,125,0.28,0.92,75,1099.1997003438196,9.653793177619646,0.48268965888098236,True
48,125,0.28,0.92,90,1244.0065980081142,9.653793177619646,0.48268965888098236,True
48,125,0.28,0.96,30,664.7790073509356,9.653793177619646,0.48268965888098236,True
48,125,0.28,0.96,45,809.5859050152302,9.653793177619646,0.48268965888098236,True
48,125,0.28,0.96,60,954.392802679525,9.653793177619646,0.48268965888098236,True
48,125,0.28,0.96,75,1099.1997003438196,9.653793177619646,0.48268965888098236,True
48,125,0.28,0.96,90,1244.0065980081142,9.653793177619646,0.48268965888098236,True
48,150,0.12,0.88,30,693.5653204560064,10.613336947788678,0.5306668473894339,True
48,150,0.12,0.88,45,852.7653746728366,10.613336947788678,0.5306668473894339,True
48,150,0.12,0.88,60,1011.9654288896669,10.613336947788678,0.5306668473894339,True
48,150,0.12,0.88,75,1171.1654831064968,10.613336947788678,0.5306668473894339,True
48,150,0.12,0.88,90,1330.365537323327,10.613336947788678,0.5306668473894339,True
48,150,0.12,0.92,30,693.5653204560064,10.613336947788678,0.5306668473894339,True
48,150,0.12,0.92,45,852.7653746728366,10.613336947788678,0.5306668473894339,True
48,150,0.12,0.92,60,1011.9654288896669,10.613336947788678,0.5306668473894339,True
48,150,0.12,0.92,75,1171.1654831064968,10.613336947788678,0.5306668473894339,True
48,150,0.12,0.92,90,1330.365537323327,10.613336947788678,0.5306668473894339,True
48,150,0.12,0.96,30,693.5653204560064,10.613336947788678,0.5306668473894339,True
48,150,0.12,0.96,45,852.7653746728366,10.613336947788678,0.5306668473894339,True
48,150,0.12,0.96,60,1011.9654288896669,10.613336947788678,0.5306668473894339,True
48,150,0.12,0.96,75,1171.1654831064968,10.613336947788678,0.5306668473894339,True
48,150,0.12,0.96,90,1330.365537323327,10.613336947788678,0.5306668473894339,True
48,150,0.16,0.88,30,680.971308472538,10.193536548339727,0.5096768274169864,True
48,150,0.16,0.88,45,833.8743566976339,10.193536548339727,0.5096768274169864,True
48,150,0.16,0.88,60,986.7774049227297,10.193536548339727,0.5096768274169864,True
48,150,0.16,0.88,75,1139.6804531478258,10.193536548339727,0.5096768274169864,True
48,150,0.16,0.88,90,1292.5835013729215,10.193536548339727,0.5096768274169864,True
48,150,0.16,0.92,30,680.971308472538,10.193536548339727,0.5096768274169864,True
48,150,0.16,0.92,45,833.8743566976339,10.193536548339727,0.5096768274169864,True
48,150,0.16,0.92,60,986.7774049227297,10.193536548339727,0.5096768274169864,True
48,150,0.16,0.92,75,1139.6804531478258,10.193536548339727,0.5096768274169864,True
48,150,0.16,0.92,90,1292.5835013729215,10.193536548339727,0.5096768274169864,True
48,150,0.16,0.96,30,680.971308472538,10.193536548339727,0.5096768274169864,True
48,150,0.16,0.96,45,833.8743566976339,10.193536548339727,0.5096768274169864,True
48,150,0.16,0.96,60,986.7774049227297,10.193536548339727,0.5096768274169864,True
48,150,0.16,0.96,75,1139.6804531478258,10.193536548339727,0.5096768274169864,True
48,150,0.16,0.96,90,1292.5835013729215,10.193536548339727,0.5096768274169864,True
48,150,0.2,0.88,30,673.4149012824569,9.941656308670357,0.49708281543351784,True
48,150,0.2,0.88,45,822.5397459125122,9.941656308670357,0.49708281543351784,True
48,150,0.2,0.88,60,971.6645905425676,9.941656308670357,0.49708281543351784,True
48,150,0.2,0.88,75,1120.789435172623,9.941656308670357,0.49708281543351784,True
48,150,0.2,0.88,90,1269.9142798026783,9.941656308670357,0.49708281543351784,True
48,150,0.2,0.92,30,673.4149012824569,9.941656308670357,0.49708281543351784,True
48,150,0.2,0.92,45,822.5397459125122,9.941656308670357,0.49708281543351784,True
48,150,0.2,0.92,60,971.6645905425676,9.941656308670357,0.49708281543351784,True
48,150,0.2,0.92,75,1120.789435172623,9.941656308670357,0.49708281543351784,True
48,150,0.2,0.92,90,1269.9142798026783,9.941656308670357,0.49708281543351784,True
48,150,0.2,0.96,30,673.4149012824569,9.941656308670357,0.49708281543351784,True
48,150,0.2,0.96,45,822.5397459125122,9.941656308670357,0.49708281543351784,True
48,150,0.2,0.96,60,971.6645905425676,9.941656308670357,0.49708281543351784,True
48,150,0.2,0.96,75,1120.789435172623,9.941656308670357,0.49708281543351784,True
48,150,0.2,0.96,90,1269.9142798026783,9.941656308670357,0.49708281543351784,True
48,150,0.24,0.88,30,668.3772964890694,9.773736148890777,0.48868680744453885,True
48,150,0.24,0.88,45,814.9833387224309,9.773736148890777,0.48868680744453885,True
48,150,0.24,0.88,60,961.5893809557925,9.773736148890777,0.48868680744453885,True
48,150,0.24,0.88,75,1108.195423189154,9.773736148890777,0.48868680744453885,True
48,150,0.24,0.88,90,1254.8014654225158,9.773736148890777,0.48868680744453885,True
48,150,0.24,0.92,30,668.3772964890694,9.773736148890777,0.48868680744453885,True
48,150,0.24,0.92,45,814.9833387224309,9.773736148890777,0.48868680744453885,True
48,150,0.24,0.92,60,961.5893809557925,9.773736148890777,0.48868680744453885,True
48,150,0.24,0.92,75,1108.195423189154,9.773736148890777,0.48868680744453885,True
48,150,0.24,0.92,90,1254.8014654225158,9.773736148890777,0.48868680744453885,True
48,150,0.24,0.96,30,668.3772964890694,9.773736148890777,0.48868680744453885,True
48,150,0.24,0.96,45,814.9833387224309,9.773736148890777,0.48868680744453885,True
48,150,0.24,0.96,60,961.5893809557925,9.773736148890777,0.48868680744453885,True
48,150,0.24,0.96,75,1108.195423189154,9.773736148890777,0.48868680744453885,True
48,150,0.24,0.96,90,1254.8014654225158,9.773736148890777,0.48868680744453885,True
48,150,0.28,0.88,30,664.7790073509356,9.653793177619646,0.48268965888098236,True
48,150,0.28,0.88,45,809.5859050152302,9.653793177619646,0.48268965888098236,True
48,150,0.28,0.88,60,954.392802679525,9.653793177619646,0.48268965888098236,True
48,150,0.28,0.88,75,1099.1997003438196,9.653793177619646,0.48268965888098236,True
48,150,0.28,0.88,90,1244.0065980081142,9.653793177619646,0.48268965888098236,True
48,150,0.28,0.92,30,664.7790073509356,9.653793177619646,0.48268965888098236,True
48,150,0.28,0.92,45,809.5859050152302,9.653793177619646,0.48268965888098236,True
48,150,0.28,0.92,60,954.392802679525,9.653793177619646,0.48268965888098236,True
48,150,0.28,0.92,75,1099.1997003438196,9.653793177619646,0.48268965888098236,True
48,150,0.28,0.92,90,1244.0065980081142,9.653793177619646,0.48268965888098236,True
48,150,0.28,0.96,30,664.7790073509356,9.653793177619646,0.48268965888098236,True
48,150,0.28,0.96,45,809.5859050152302,9.653793177619646,0.48268965888098236,True
48,150,0.28,0.96,60,954.392802679525,9.653793177619646,0.48268965888098236,True
48,150,0.28,0.96,75,1099.1997003438196,9.653793177619646,0.48268965888098236,True
48,150,0.28,0.96,90,1244.0065980081142,9.653793177619646,0.48268965888098236,True
48,175,0.12,0.88,30,693.5653204560064,10.613336947788678,0.5306668473894339,True
48,175,0.12,0.88,45,852.7653746728366,10.613336947788678,0.5306668473894339,True
48,175,0.12,0.88,60,1011.9654288896669,10.613336947788678,0.5306668473894339,True
48,175,0.12,0.88,75,1171.1654831064968,10.613336947788678,0.5306668473894339,True
48,175,0.12,0.88,90,1330.365537323327,10.613336947788678,0.5306668473894339,True
48,175,0.12,0.92,30,693.5653204560064,10.613336947788678,0.5306668473894339,True
48,175,0.12,0.92,45,852.7653746728366,10.613336947788678,0.5306668473894339,True
48,175,0.12,0.92,60,1011.9654288896669,10.613336947788678,0.5306668473894339,True
48,175,0.12,0.92,75,1171.1654831064968,10.613336947788678,0.5306668473894339,True
48,175,0.12,0.92,90,1330.365537323327,10.613336947788678,0.5306668473894339,True
48,175,0.12,0.96,30,693.5653204560064,10.613336947788678,0.5306668473894339,True
48,175,0.12,0.96,45,852.7653746728366,10.613336947788678,0.5306668473894339,True
48,175,0.12,0.96,60,1011.9654288896669,10.613336947788678,0.5306668473894339,True
48,175,0.12,0.96,75,1171.1654831064968,10.613336947788678,0.5306668473894339,True
48,175,0.12,0.96,90,1330.365537323327,10.613336947788678,0.5306668473894339,True
48,175,0.16,0.88,30,680.971308472538,10.193536548339727,0.5096768274169864,True
48,175,0.16,0.88,45,833.8743566976339,10.193536548339727,0.5096768274169864,True
48,175,0.16,0.88,60,986.7774049227297,10.193536548339727,0.5096768274169864,True
48,175,0.16,0.88,75,1139.6804531478258,10.193536548339727,0.5096768274169864,True
48,175,0.16,0.88,90,1292.5835013729215,10.193536548339727,0.5096768274169864,True
48,175,0.16,0.92,30,680.971308472538,10.193536548339727,0.5096768274169864,True
48,175,0.16,0.92,45,833.8743566976339,10.193536548339727,0.5096768274169864,True
48,175,0.16,0.92,60,986.7774049227297,10.193536548339727,0.5096768274169864,True
48,175,0.16,0.92,75,1139.6804531478258,10.193536548339727,0.5096768274169864,True
48,175,0.16,0.92,90,1292.5835013729215,10.193536548339727,0.5096768274169864,True
48,175,0.16,0.96,30,680.971308472538,10.193536548339727,0.5096768274169864,True
48,175,0.16,0.96,45,833.8743566976339,10.193536548339727,0.5096768274169864,True
48,175,0.16,0.96,60,986.7774049227297,10.193536548339727,0.5096768274169864,True
48,175,0.16,0.96,75,1139.6804531478258,10.193536548339727,0.5096768274169864,True
48,175,0.16,0.96,90,1292.5835013729215,10.193536548339727,0.5096768274169864,True
48,175,0.2,0.88,30,673.4149012824569,9.941656308670357,0.49708281543351784,True
48,175,0.2,0.88,45,822.5397459125122,9.941656308670357,0.49708281543351784,True
48,175,0.2,0.88,60,971.6645905425676,9.941656308670357,0.49708281543351784,True
48,175,0.2,0.88,75,1120.789435172623,9.941656308670357,0.49708281543351784,True
48,175,0.2,0.88,90,1269.9142798026783,9.941656308670357,0.49708281543351784,True
48,175,0.2,0.92,30,673.4149012824569,9.941656308670357,0.49708281543351784,True
48,175,0.2,0.92,45,822.5397459125122,9.941656308670357,0.49708281543351784,True
48,175,0.2,0.92,60,971.6645905425676,9.941656308670357,0.49708281543351784,True
48,175,0.2,0.92,75,1120.789435172623,9.941656308670357,0.49708281543351784,True
48,175,0.2,0.92,90,1269.9142798026783,9.941656308670357,0.49708281543351784,True
48,175,0.2,0.96,30,673.4149012824569,9.941656308670357,0.49708281543351784,True
48,175,0.2,0.96,45,822.5397459125122,9.941656308670357,0.49708281543351784,True
48,175,0.2,0.96,60,971.6645905425676,9.941656308670357,0.49708281543351784,True
48,175,0.2,0.96,75,1120.789435172623,9.941656308670357,0.49708281543351784,True
48,175,0.2,0.96,90,1269.9142798026783,9.941656308670357,0.49708281543351784,True
48,175,0.24,0.88,30,668.3772964890694,9.773736148890777,0.48868680744453885,True
48,175,0.24,0.88,45,814.9833387224309,9.773736148890777,0.48868680744453885,True
48,175,0.24,0.88,60,961.5893809557925,9.773736148890777,0.48868680744453885,True
48,175,0.24,0.88,75,1108.195423189154,9.773736148890777,0.48868680744453885,True
48,175,0.24,0.88,90,1254.8014654225158,9.773736148890777,0.48868680744453885,True
48,175,0.24,0.92,30,668.3772964890694,9.773736148890777,0.48868680744453885,True
48,175,0.24,0.92,45,814.9833387224309,9.773736148890777,0.48868680744453885,True
48,175,0.24,0.92,60,961.5893809557925,9.773736148890777,0.48868680744453885,True
48,175,0.24,0.92,75,1108.195423189154,9.773736148890777,0.48868680744453885,True
48,175,0.24,0.92,90,1254.8014654225158,9.773736148890777,0.48868680744453885,True
48,175,0.24,0.96,30,668.3772964890694,9.773736148890777,0.48868680744453885,True
48,175,0.24,0.96,45,814.9833387224309,9.773736148890777,0.48868680744453885,True
48,175,0.24,0.96,60,961.5893809557925,9.773736148890777,0.48868680744453885,True
48,175,0.24,0.96,75,1108.195423189154,9.773736148890777,0.48868680744453885,True
48,175,0.24,0.96,90,1254.8014654225158,9.773736148890777,0.48868680744453885,True
48,175,0.28,0.88,30,664.7790073509356,9.653793177619646,0.48268965888098236,True
48,175,0.28,0.88,45,809.5859050152302,9.653793177619646,0.48268965888098236,True
48,175,0.28,0.88,60,954.392802679525,9.653793177619646,0.48268965888098236,True
48,175,0.28,0.88,75,1099.1997003438196,9.653793177619646,0.48268965888098236,True
48,175,0.28,0.88,90,1244.0065980081142,9.653793177619646,0.48268965888098236,True
48,175,0.28,0.92,30,664.7790073509356,9.653793177619646,0.48268965888098236,True
48,175,0.28,0.92,45,809.5859050152302,9.653793177619646,0.48268965888098236,True
48,175,0.28,0.92,60,954.392802679525,9.653793177619646,0.48268965888098236,True
48,175,0.28,0.92,75,1099.1997003438196,9.653793177619646,0.48268965888098236,True
48,175,0.28,0.92,90,1244.0065980081142,9.653793177619646,0.48268965888098236,True
48,175,0.28,0.96,30,664.7790073509356,9.653793177619646,0.48268965888098236,True
48,175,0.28,0.96,45,809.5859050152302,9.653793177619646,0.48268965888098236,True
48,175,0.28,0.96,60,954.392802679525,9.653793177619646,0.48268965888098236,True
48,175,0.28,0.96,75,1099.1997003438196,9.653793177619646,0.48268965888098236,True
48,175,0.28,0.96,90,1244.0065980081142,9.653793177619646,0.48268965888098236,True
48,200,0.12,0.88,30,693.5653204560064,10.613336947788678,0.5306668473894339,True
48,200,0.12,0.88,45,852.7653746728366,10.613336947788678,0.5306668473894339,True
48,200,0.12,0.88,60,1011.9654288896669,10.613336947788678,0.5306668473894339,True
48,200,0.12,0.88,75,1171.1654831064968,10.613336947788678,0.5306668473894339,True
48,200,0.12,0.88,90,1330.365537323327,10.613336947788678,0.5306668473894339,True
48,200,0.12,0.92,30,693.5653204560064,10.613336947788678,0.5306668473894339,True
48,200,0.12,0.92,45,852.7653746728366,10.613336947788678,0.5306668473894339,True
48,200,0.12,0.92,60,1011.9654288896669,10.613336947788678,0.5306668473894339,True
48,200,0.12,0.92,75,1171.1654831064968,10.613336947788678,0.5306668473894339,True
48,200,0.12,0.92,90,1330.365537323327,10.613336947788678,0.5306668473894339,True
48,200,0.12,0.96,30,693.5653204560064,10.613336947788678,0.5306668473894339,True
48,200,0.12,0.96,45,852.7653746728366,10.613336947788678,0.5306668473894339,True
48,200,0.12,0.96,60,1011.9654288896669,10.613336947788678,0.5306668473894339,True
48,200,0.12,0.96,75,1171.1654831064968,10.613336947788678,0.5306668473894339,True
48,200,0.12,0.96,90,1330.365537323327,10.613336947788678,0.5306668473894339,True
48,200,0.16,0.88,30,680.971308472538,10.193536548339727,0.5096768274169864,True
48,200,0.16,0.88,45,833.8743566976339,10.193536548339727,0.5096768274169864,True
48,200,0.16,0.88,60,986.7774049227297,10.193536548339727,0.5096768274169864,True
48,200,0.16,0.88,75,1139.6804531478258,10.193536548339727,0.5096768274169864,True
48,200,0.16,0.88,90,1292.5835013729215,10.193536548339727,0.5096768274169864,True
48,200,0.16,0.92,30,680.971308472538,10.193536548339727,0.5096768274169864,True
48,200,0.16,0.92,45,833.8743566976339,10.193536548339727,0.5096768274169864,True
48,200,0.16,0.92,60,986.7774049227297,10.193536548339727,0.5096768274169864,True
48,200,0.16,0.92,75,1139.6804531478258,10.193536548339727,0.5096768274169864,True
48,200,0.16,0.92,90,1292.5835013729215,10.193536548339727,0.5096768274169864,True
48,200,0.16,0.96,30,680.971308472538,10.193536548339727,0.5096768274169864,True
48,200,0.16,0.96,45,833.8743566976339,10.193536548339727,0.5096768274169864,True
48,200,0.16,0.96,60,986.7774049227297,10.193536548339727,0.5096768274169864,True
48,200,0.16,0.96,75,1139.6804531478258,10.193536548339727,0.5096768274169864,True
48,200,0.16,0.96,90,1292.5835013729215,10.193536548339727,0.5096768274169864,True
48,200,0.2,0.88,30,673.4149012824569,9.941656308670357,0.49708281543351784,True
48,200,0.2,0.88,45,822.5397459125122,9.941656308670357,0.49708281543351784,True
48,200,0.2,0.88,60,971.6645905425676,9.941656308670357,0.49708281543351784,True
48,200,0.2,0.88,75,1120.789435172623,9.941656308670357,0.49708281543351784,True
48,200,0.2,0.88,90,1269.9142798026783,9.941656308670357,0.49708281543351784,True
48,200,0.2,0.92,30,673.4149012824569,9.941656308670357,0.49708281543351784,True
48,200,0.2,0.92,45,822.5397459125122,9.941656308670357,0.49708281543351784,True
48,200,0.2,0.92,60,971.6645905425676,9.941656308670357,0.49708281543351784,True
48,200,0.2,0.92,75,1120.789435172623,9.941656308670357,0.49708281543351784,True
48,200,0.2,0.92,90,1269.9142798026783,9.941656308670357,0.49708281543351784,True
48,200,0.2,0.96,30,673.4149012824569,9.941656308670357,0.49708281543351784,True
48,200,0.2,0.96,45,822.5397459125122,9.941656308670357,0.49708281543351784,True
48,200,0.2,0.96,60,971.6645905425676,9.941656308670357,0.49708281543351784,True
48,200,0.2,0.96,75,1120.789435172623,9.941656308670357,0.49708281543351784,True
48,200,0.2,0.96,90,1269.9142798026783,9.941656308670357,0.49708281543351784,True
48,200,0.24,0.88,30,668.3772964890694,9.773736148890777,0.48868680744453885,True
48,200,0.24,0.88,45,814.9833387224309,9.773736148890777,0.48868680744453885,True
48,200,0.24,0.88,60,961.5893809557925,9.773736148890777,0.48868680744453885,True
48,200,0.24,0.88,75,1108.195423189154,9.773736148890777,0.48868680744453885,True
48,200,0.24,0.88,90,1254.8014654225158,9.773736148890777,0.48868680744453885,True
48,200,0.24,0.92,30,668.3772964890694,9.773736148890777,0.48868680744453885,True
48,200,0.24,0.92,45,814.9833387224309,9.773736148890777,0.48868680744453885,True
48,200,0.24,0.92,60,961.5893809557925,9.773736148890777,0.48868680744453885,True
48,200,0.24,0.92,75,1108.195423189154,9.773736148890777,0.48868680744453885,True
48,200,0.24,0.92,90,1254.8014654225158,9.773736148890777,0.48868680744453885,True
48,200,0.24,0.96,30,668.3772964890694,9.773736148890777,0.48868680744453885,True
48,200,0.24,0.96,45,814.9833387224309,9.773736148890777,0.48868680744453885,True
48,200,0.24,0.96,60,961.5893809557925,9.773736148890777,0.48868680744453885,True
48,200,0.24,0.96,75,1108.195423189154,9.773736148890777,0.48868680744453885,True
48,200,0.24,0.96,90,1254.8014654225158,9.773736148890777,0.48868680744453885,True
48,200,0.28,0.88,30,664.7790073509356,9.653793177619646,0.48268965888098236,True
48,200,0.28,0.88,45,809.5859050152302,9.653793177619646,0.48268965888098236,True
48,200,0.28,0.88,60,954.392802679525,9.653793177619646,0.48268965888098236,True
48,200,0.28,0.88,75,1099.1997003438196,9.653793177619646,0.48268965888098236,True
48,200,0.28,0.88,90,1244.0065980081142,9.653793177619646,0.48268965888098236,True
48,200,0.28,0.92,30,664.7790073509356,9.653793177619646,0.48268965888098236,True
48,200,0.28,0.92,45,809.5859050152302,9.653793177619646,0.48268965888098236,True
48,200,0.28,0.92,60,954.392802679525,9.653793177619646,0.48268965888098236,True
48,200,0.28,0.92,75,1099.1997003438196,9.653793177619646,0.48268965888098236,True
48,200,0.28,0.92,90,1244.0065980081142,9.653793177619646,0.48268965888098236,True
48,200,0.28,0.96,30,664.7790073509356,9.653793177619646,0.48268965888098236,True
48,200,0.28,0.96,45,809.5859050152302,9.653793177619646,0.48268965888098236,True
48,200,0.28,0.96,60,954.392802679525,9.653793177619646,0.48268965888098236,True
48,200,0.28,0.96,75,1099.1997003438196,9.653793177619646,0.48268965888098236,True
48,200,0.28,0.96,90,1244.0065980081142,9.653793177619646,0.48268965888098236,True
50,100,0.12,0.88,30,705.8427371324838,11.022584170337922,0.5511292085168962,True
50,100,0.12,0.88,45,871.1814996875527,11.022584170337922,0.5511292085168962,True
50,100,0.12,0.88,60,1036.5202622426214,11.022584170337922,0.5511292085168962,True
50,100,0.12,0.88,75,1201.8590247976904,11.022584170337922,0.5511292085168962,True
50,100,0.12,0.88,90,1367.197787352759,11.022584170337922,0.5511292085168962,True
50,100,0.12,0.92,30,705.8427371324838,11.022584170337922,0.5511292085168962,True
50,100,0.12,0.92,45,871.1814996875527,11.022584170337922,0.5511292085168962,True
50,100,0.12,0.92,60,1036.5202622426214,11.022584170337922,0.5511292085168962,True
50,100,0.12,0.92,75,1201.8590247976904,11.022584170337922,0.5511292085168962,True
50,100,0.12,0.92,90,1367.197787352759,11.022584170337922,0.5511292085168962,True
50,100,0.12,0.96,30,705.8427371324838,11.022584170337922,0.5511292085168962,True
50,100,0.12,0.96,45,871.1814996875527,11.022584170337922,0.5511292085168962,True
50,100,0.12,0.96,60,1036.5202622426214,11.022584170337922,0.5511292085168962,True
50,100,0.12,0.96,75,1201.8590247976904,11.022584170337922,0.5511292085168962,True
50,100,0.12,0.96,90,1367.197787352759,11.022584170337922,0.5511292085168962,True
50,100,0.16,0.88,30,692.8025980895502,10.587912868906804,0.5293956434453402,True
50,100,0.16,0.88,45,851.6212911231523,10.587912868906804,0.5293956434453402,True
50,100,0.16,0.88,60,1010.4399841567542,10.587912868906804,0.5293956434453402,True
50,100,0.16,0.88,75,1169.2586771903564,10.587912868906804,0.5293956434453402,True
50,100,0.16,0.88,90,1328.0773702239585,10.587912868906804,0.5293956434453402,True
50,100,0.16,0.92,30,692.8025980895502,10.587912868906804,0.5293956434453402,True
50,100,0.16,0.92,45,851.6212911231523,10.587912868906804,0.5293956434453402,True
50,100,0.16,0.92,60,1010.4399841567542,10.587912868906804,0.5293956434453402,True
50,100,0.16,0.92,75,1169.2586771903564,10.587912868906804,0.5293956434453402,True
50,100,0.16,0.92,90,1328.0773702239585,10.587912868906804,0.5293956434453402,True
50,100,0.16,0.96,30,692.8025980895502,10.587912868906804,0.5293956434453402,True
50,100,0.16,0.96,45,851.6212911231523,10.587912868906804,0.5293956434453402,True
50,100,0.16,0.96,60,1010.4399841567542,10.587912868906804,0.5293956434453402,True
50,100,0.16,0.96,75,1169.2586771903564,10.587912868906804,0.5293956434453402,True
50,100,0.16,0.96,90,1328.0773702239585,10.587912868906804,0.5293956434453402,True
50,100,0.2,0.88,30,684.9785146637902,10.327110088048133,0.5163555044024067,True
50,100,0.2,0.88,45,839.8851659845121,10.327110088048133,0.5163555044024067,True
50,100,0.2,0.88,60,994.7918173052341,10.327110088048133,0.5163555044024067,True
50,100,0.2,0.88,75,1149.6984686259561,10.327110088048133,0.5163555044024067,True
50,100,0.2,0.88,90,1304.605119946678,10.327110088048133,0.5163555044024067,True
50,100,0.2,0.92,30,684.9785146637902,10.327110088048133,0.5163555044024067,True
50,100,0.2,0.92,45,839.8851659845121,10.327110088048133,0.5163555044024067,True
50,100,0.2,0.92,60,994.7918173052341,10.327110088048133,0.5163555044024067,True
50,100,0.2,0.92,75,1149.6984686259561,10.327110088048133,0.5163555044024067,True
50,100,0.2,0.92,90,1304.605119946678,10.327110088048133,0.5163555044024067,True
50,100,0.2,0.96,30,684.9785146637902,10.327110088048133,0.5163555044024067,True
50,100,0.2,0.96,45,839.8851659845121,10.327110088048133,0.5163555044024067,True
50,100,0.2,0.96,60,994.7918173052341,10.327110088048133,0.5163555044024067,True
50,100,0.2,0.96,75,1149.6984686259561,10.327110088048133,0.5163555044024067,True
50,100,0.2,0.96,90,1304.605119946678,10.327110088048133,0.5163555044024067,True
50,100,0.24,0.88,30,679.7624590466166,10.153241567475686,0.5076620783737843,True
50,100,0.24,0.88,45,832.061082558752,10.153241567475686,0.5076620783737843,True
50,100,0.24,0.88,60,984.3597060708873,10.153241567475686,0.5076620783737843,True
50,100,0.24,0.88,75,1136.6583295830226,10.153241567475686,0.5076620783737843,True
50,100,0.24,0.88,90,1288.9569530951578,10.153241567475686,0.5076620783737843,True
50,100,0.24,0.92,30,679.7624590466166,10.153241567475686,0.5076620783737843,True
50,100,0.24,0.92,45,832.061082558752,10.153241567475686,0.5076620783737843,True
50,100,0.24,0.92,60,984.3597060708873,10.153241567475686,0.5076620783737843,True
50,100,0.24,0.92,75,1136.6583295830226,10.153241567475686,0.5076620783737843,True
50,100,0.24,0.92,90,1288.9569530951578,10.153241567475686,0.5076620783737843,True
50,100,0.24,0.96,30,679.7624590466166,10.153241567475686,0.5076620783737843,True
50,100,0.24,0.96,45,832.061082558752,10.153241567475686,0.5076620783737843,True
50,100,0.24,0.96,60,984.3597060708873,10.153241567475686,0.5076620783737843,True
50,100,0.24,0.96,75,1136.6583295830226,10.153241567475686,0.5076620783737843,True
50,100,0.24,0.96,90,1288.9569530951578,10.153241567475686,0.5076620783737843,True
50,100,0.28,0.88,30,676.0367050343499,10.029049767066795,0.5014524883533398,True
50,100,0.28,0.88,45,826.4724515403518,10.029049767066795,0.5014524883533398,True
50,100,0.28,0.88,60,976.9081980463538,10.029049767066795,0.5014524883533398,True
50,100,0.28,0.88,75,1127.3439445523557,10.029049767066795,0.5014524883533398,True
50,100,0.28,0.88,90,1277.7796910583577,10.029049767066795,0.5014524883533398,True
50,100,0.28,0.92,30,676.0367050343499,10.029049767066795,0.5014524883533398,True
50,100,0.28,0.92,45,826.4724515403518,10.029049767066795,0.5014524883533398,True
50,100,0.28,0.92,60,976.9081980463538,10.029049767066795,0.5014524883533398,True
50,100,0.28,0.92,75,1127.3439445523557,10.029049767066795,0.5014524883533398,True
50,100,0.28,0.92,90,1277.7796910583577,10.029049767066795,0.5014524883533398,True
50,100,0.28,0.96,30,676.0367050343499,10.029049767066795,0.5014524883533398,True
50,100,0.28,0.96,45,826.4724515403518,10.029049767066795,0.5014524883533398,True
50,100,0.28,0.96,60,976.9081980463538,10.029049767066795,0.5014524883533398,True
50,100,0.28,0.96,75,1127.3439445523557,10.029049767066795,0.5014524883533398,True
50,100,0.28,0.96,90,1277.7796910583577,10.029049767066795,0.5014524883533398,True
50,125,0.12,0.88,30,705.8427371324838,11.022584170337922,0.5511292085168962,True
50,125,0.12,0.88,45,871.1814996875527,11.022584170337922,0.5511292085168962,True
50,125,0.12,0.88,60,1036.5202622426214,11.022584170337922,0.5511292085168962,True
50,125,0.12,0.88,75,1201.8590247976904,11.022584170337922,0.5511292085168962,True
50,125,0.12,0.88,90,1367.197787352759,11.022584170337922,0.5511292085168962,True
50,125,0.12,0.92,30,705.8427371324838,11.022584170337922,0.5511292085168962,True
50,125,0.12,0.92,45,871.1814996875527,11.022584170337922,0.5511292085168962,True
50,125,0.12,0.92,60,1036.5202622426214,11.022584170337922,0.5511292085168962,True
50,125,0.12,0.92,75,1201.8590247976904,11.022584170337922,0.5511292085168962,True
50,125,0.12,0.92,90,1367.197787352759,11.022584170337922,0.5511292085168962,True
50,125,0.12,0.96,30,705.8427371324838,11.022584170337922,0.5511292085168962,True
50,125,0.12,0.96,45,871.1814996875527,11.022584170337922,0.5511292085168962,True
50,125,0.12,0.96,60,1036.5202622426214,11.022584170337922,0.5511292085168962,True
50,125,0.12,0.96,75,1201.8590247976904,11.022584170337922,0.5511292085168962,True
50,125,0.12,0.96,90,1367.197787352759,11.022584170337922,0.5511292085168962,True
50,125,0.16,0.88,30,692.8025980895502,10.587912868906804,0.5293956434453402,True
50,125,0.16,0.88,45,851.6212911231523,10.587912868906804,0.5293956434453402,True
50,125,0.16,0.88,60,1010.4399841567542,10.587912868906804,0.5293956434453402,True
50,125,0.16,0.88,75,1169.2586771903564,10.587912868906804,0.5293956434453402,True
50,125,0.16,0.88,90,1328.0773702239585,10.587912868906804,0.5293956434453402,True
50,125,0.16,0.92,30,692.8025980895502,10.587912868906804,0.5293956434453402,True
50,125,0.16,0.92,45,851.6212911231523,10.587912868906804,0.5293956434453402,True
50,125,0.16,0.92,60,1010.4399841567542,10.587912868906804,0.5293956434453402,True
50,125,0.16,0.92,75,1169.2586771903564,10.587912868906804,0.5293956434453402,True
50,125,0.16,0.92,90,1328.0773702239585,10.587912868906804,0.5293956434453402,True
50,125,0.16,0.96,30,692.8025980895502,10.587912868906804,0.5293956434453402,True
50,125,0.16,0.96,45,851.6212911231523,10.587912868906804,0.5293956434453402,True
50,125,0.16,0.96,60,1010.4399841567542,10.587912868906804,0.5293956434453402,True
50,125,0.16,0.96,75,1169.2586771903564,10.587912868906804,0.5293956434453402,True
50,125,0.16,0.96,90,1328.0773702239585,10.587912868906804,0.5293956434453402,True
50,125,0.2,0.88,30,684.9785146637902,10.327110088048133,0.5163555044024067,True
50,125,0.2,0.88,45,839.8851659845121,10.327110088048133,0.5163555044024067,True
50,125,0.2,0.88,60,994.7918173052341,10.327110088048133,0.5163555044024067,True
50,125,0.2,0.88,75,1149.6984686259561,10.327110088048133,0.5163555044024067,True
50,125,0.2,0.88,90,1304.605119946678,10.327110088048133,0.5163555044024067,True
50,125,0.2,0.92,30,684.9785146637902,10.327110088048133,0.5163555044024067,True
50,125,0.2,0.92,45,839.8851659845121,10.327110088048133,0.5163555044024067,True
50,125,0.2,0.92,60,994.7918173052341,10.327110088048133,0.5163555044024067,True
50,125,0.2,0.92,75,1149.6984686259561,10.327110088048133,0.5163555044024067,True
50,125,0.2,0.92,90,1304.605119946678,10.327110088048133,0.5163555044024067,True
50,125,0.2,0.96,30,684.9785146637902,10.327110088048133,0.5163555044024067,True
50,125,0.2,0.96,45,839.8851659845121,10.327110088048133,0.5163555044024067,True
50,125,0.2,0.96,60,994.7918173052341,10.327110088048133,0.5163555044024067,True
50,125,0.2,0.96,75,1149.6984686259561,10.327110088048133,0.5163555044024067,True
50,125,0.2,0.96,90,1304.605119946678,10.327110088048133,0.5163555044024067,True
50,125,0.24,0.88,30,679.7624590466166,10.153241567475686,0.5076620783737843,True
50,125,0.24,0.88,45,832.061082558752,10.153241567475686,0.5076620783737843,True
50,125,0.24,0.88,60,984.3597060708873,10.153241567475686,0.5076620783737843,True
50,125,0.24,0.88,75,1136.6583295830226,10.153241567475686,0.5076620783737843,True
50,125,0.24,0.88,90,1288.9569530951578,10.153241567475686,0.5076620783737843,True
50,125,0.24,0.92,30,679.7624590466166,10.153241567475686,0.5076620783737843,True
50,125,0.24,0.92,45,832.061082558752,10.153241567475686,0.5076620783737843,True
50,125,0.24,0.92,60,984.3597060708873,10.153241567475686,0.5076620783737843,True
50,125,0.24,0.92,75,1136.6583295830226,10.153241567475686,0.5076620783737843,True
50,125,0.24,0.92,90,1288.9569530951578,10.153241567475686,0.5076620783737843,True
50,125,0.24,0.96,30,679.7624590466166,10.153241567475686,0.5076620783737843,True
50,125,0.24,0.96,45,832.061082558752,10.153241567475686,0.5076620783737843,True
50,125,0.24,0.96,60,984.3597060708873,10.153241567475686,0.5076620783737843,True
50,125,0.24,0.96,75,1136.6583295830226,10.153241567475686,0.5076620783737843,True
50,125,0.24,0.96,90,1288.9569530951578,10.153241567475686,0.5076620783737843,True
50,125,0.28,0.88,30,676.0367050343499,10.029049767066795,0.5014524883533398,True
50,125,0.28,0.88,45,826.4724515403518,10.029049767066795,0.5014524883533398,True
50,125,0.28,0.88,60,976.9081980463538,10.029049767066795,0.5014524883533398,True
50,125,0.28,0.88,75,1127.3439445523557,10.029049767066795,0.5014524883533398,True
50,125,0.28,0.88,90,1277.7796910583577,10.029049767066795,0.5014524883533398,True
50,125,0.28,0.92,30,676.0367050343499,10.029049767066795,0.5014524883533398,True
50,125,0.28,0.92,45,826.4724515403518,10.029049767066795,0.5014524883533398,True
50,125,0.28,0.92,60,976.9081980463538,10.029049767066795,0.5014524883533398,True
50,125,0.28,0.92,75,1127.3439445523557,10.029049767066795,0.5014524883533398,True
50,125,0.28,0.92,90,1277.7796910583577,10.029049767066795,0.5014524883533398,True
50,125,0.28,0.96,30,676.0367050343499,10.029049767066795,0.5014524883533398,True
50,125,0.28,0.96,45,826.4724515403518,10.029049767066795,0.5014524883533398,True
50,125,0.28,0.96,60,976.9081980463538,10.029049767066795,0.5014524883533398,True
50,125,0.28,0.96,75,1127.3439445523557,10.029049767066795,0.5014524883533398,True
50,125,0.28,0.96,90,1277.7796910583577,10.029049767066795,0.5014524883533398,True
50,150,0.12,0.88,30,705.8427371324838,11.022584170337922,0.5511292085168962,True
50,150,0.12,0.88,45,871.1814996875527,11.022584170337922,0.5511292085168962,True
50,150,0.12,0.88,60,1036.5202622426214,11.022584170337922,0.5511292085168962,True
50,150,0.12,0.88,75,1201.8590247976904,11.022584170337922,0.5511292085168962,True
50,150,0.12,0.88,90,1367.197787352759,11.022584170337922,0.5511292085168962,True
50,150,0.12,0.92,30,705.8427371324838,11.022584170337922,0.5511292085168962,True
50,150,0.12,0.92,45,871.1814996875527,11.022584170337922,0.5511292085168962,True
50,150,0.12,0.92,60,1036.5202622426214,11.022584170337922,0.5511292085168962,True
50,150,0.12,0.92,75,1201.8590247976904,11.022584170337922,0.5511292085168962,True
50,150,0.12,0.92,90,1367.197787352759,11.022584170337922,0.5511292085168962,True
50,150,0.12,0.96,30,705.8427371324838,11.022584170337922,0.5511292085168962,True
50,150,0.12,0.96,45,871.1814996875527,11.022584170337922,0.5511292085168962,True
50,150,0.12,0.96,60,1036.5202622426214,11.022584170337922,0.5511292085168962,True
50,150,0.12,0.96,75,1201.8590247976904,11.022584170337922,0.5511292085168962,True
50,150,0.12,0.96,90,1367.197787352759,11.022584170337922,0.5511292085168962,True
50,150,0.16,0.88,30,692.8025980895502,10.587912868906804,0.5293956434453402,True
50,150,0.16,0.88,45,851.6212911231523,10.587912868906804,0.5293956434453402,True
50,150,0.16,0.88,60,1010.4399841567542,10.587912868906804,0.5293956434453402,True
50,150,0.16,0.88,75,1169.2586771903564,10.587912868906804,0.5293956434453402,True
50,150,0.16,0.88,90,1328.0773702239585,10.587912868906804,0.5293956434453402,True
50,150,0.16,0.92,30,692.8025980895502,10.587912868906804,0.5293956434453402,True
50,150,0.16,0.92,45,851.6212911231523,10.587912868906804,0.5293956434453402,True
50,150,0.16,0.92,60,1010.4399841567542,10.587912868906804,0.5293956434453402,True
50,150,0.16,0.92,75,1169.2586771903564,10.587912868906804,0.5293956434453402,True
50,150,0.16,0.92,90,1328.0773702239585,10.587912868906804,0.5293956434453402,True
50,150,0.16,0.96,30,692.8025980895502,10.587912868906804,0.5293956434453402,True
50,150,0.16,0.96,45,851.6212911231523,10.587912868906804,0.5293956434453402,True
50,150,0.16,0.96,60,1010.4399841567542,10.587912868906804,0.5293956434453402,True
50,150,0.16,0.96,75,1169.2586771903564,10.587912868906804,0.5293956434453402,True
50,150,0.16,0.96,90,1328.0773702239585,10.587912868906804,0.5293956434453402,True
50,150,0.2,0.88,30,684.9785146637902,10.327110088048133,0.5163555044024067,True
50,150,0.2,0.88,45,839.8851659845121,10.327110088048133,0.5163555044024067,True
50,150,0.2,0.88,60,994.7918173052341,10.327110088048133,0.5163555044024067,True
50,150,0.2,0.88,75,1149.6984686259561,10.327110088048133,0.5163555044024067,True
50,150,0.2,0.88,90,1304.605119946678,10.327110088048133,0.5163555044024067,True
50,150,0.2,0.92,30,684.9785146637902,10.327110088048133,0.5163555044024067,True
50,150,0.2,0.92,45,839.8851659845121,10.327110088048133,0.5163555044024067,True
50,150,0.2,0.92,60,994.7918173052341,10.327110088048133,0.5163555044024067,True
50,150,0.2,0.92,75,1149.6984686259561,10.327110088048133,0.5163555044024067,True
50,150,0.2,0.92,90,1304.605119946678,10.327110088048133,0.5163555044024067,True
50,150,0.2,0.96,30,684.9785146637902,10.327110088048133,0.5163555044024067,True
50,150,0.2,0.96,45,839.8851659845121,10.327110088048133,0.5163555044024067,True
50,150,0.2,0.96,60,994.7918173052341,10.327110088048133,0.5163555044024067,True
50,150,0.2,0.96,75,1149.6984686259561,10.327110088048133,0.5163555044024067,True
50,150,0.2,0.96,90,1304.605119946678,10.327110088048133,0.5163555044024067,True
50,150,0.24,0.88,30,679.7624590466166,10.153241567475686,0.5076620783737843,True
50,150,0.24,0.88,45,832.061082558752,10.153241567475686,0.5076620783737843,True
50,150,0.24,0.88,60,984.3597060708873,10.153241567475686,0.5076620783737843,True
50,150,0.24,0.88,75,1136.6583295830226,10.153241567475686,0.5076620783737843,True
50,150,0.24,0.88,90,1288.9569530951578,10.153241567475686,0.5076620783737843,True
50,150,0.24,0.92,30,679.7624590466166,10.153241567475686,0.5076620783737843,True
50,150,0.24,0.92,45,832.061082558752,10.153241567475686,0.5076620783737843,True
50,150,0.24,0.92,60,984.3597060708873,10.153241567475686,0.5076620783737843,True
50,150,0.24,0.92,75,1136.6583295830226,10.153241567475686,0.5076620783737843,True
50,150,0.24,0.92,90,1288.9569530951578,10.153241567475686,0.5076620783737843,True
50,150,0.24,0.96,30,679.7624590466166,10.153241567475686,0.5076620783737843,True
50,150,0.24,0.96,45,832.061082558752,10.153241567475686,0.5076620783737843,True
50,150,0.24,0.96,60,984.3597060708873,10.153241567475686,0.5076620783737843,True
50,150,0.24,0.96,75,1136.6583295830226,10.153241567475686,0.5076620783737843,True
50,150,0.24,0.96,90,1288.9569530951578,10.153241567475686,0.5076620783737843,True
50,150,0.28,0.88,30,676.0367050343499,10.029049767066795,0.5014524883533398,True
50,150,0.28,0.88,45,826.4724515403518,10.029049767066795,0.5014524883533398,True
50,150,0.28,0.88,60,976.9081980463538,10.029049767066795,0.5014524883533398,True
50,150,0.28,0.88,75,1127.3439445523557,10.029049767066795,0.5014524883533398,True
50,150,0.28,0.88,90,1277.7796910583577,10.029049767066795,0.5014524883533398,True
50,150,0.28,0.92,30,676.0367050343499,10.029049767066795,0.5014524883533398,True
50,150,0.28,0.92,45,826.4724515403518,10.029049767066795,0.5014524883533398,True
50,150,0.28,0.92,60,976.9081980463538,10.029049767066795,0.5014524883533398,True
50,150,0.28,0.92,75,1127.3439445523557,10.029049767066795,0.5014524883533398,True
50,150,0.28,0.92,90,1277.7796910583577,10.029049767066795,0.5014524883533398,True
50,150,0.28,0.96,30,676.0367050343499,10.029049767066795,0.5014524883533398,True
50,150,0.28,0.96,45,826.4724515403518,10.029049767066795,0.5014524883533398,True
50,150,0.28,0.96,60,976.9081980463538,10.029049767066795,0.5014524883533398,True
50,150,0.28,0.96,75,1127.3439445523557,10.029049767066795,0.5014524883533398,True
50,150,0.28,0.96,90,1277.7796910583577,10.029049767066795,0.5014524883533398,True
50,175,0.12,0.88,30,705.8427371324838,11.022584170337922,0.5511292085168962,True
50,175,0.12,0.88,45,871.1814996875527,11.022584170337922,0.5511292085168962,True
50,175,0.12,0.88,60,1036.5202622426214,11.022584170337922,0.5511292085168962,True
50,175,0.12,0.88,75,1201.8590247976904,11.022584170337922,0.5511292085168962,True
50,175,0.12,0.88,90,1367.197787352759,11.022584170337922,0.5511292085168962,True
50,175,0.12,0.92,30,705.8427371324838,11.022584170337922,0.5511292085168962,True
50,175,0.12,0.92,45,871.1814996875527,11.022584170337922,0.5511292085168962,True
50,175,0.12,0.92,60,1036.5202622426214,11.022584170337922,0.5511292085168962,True
50,175,0.12,0.92,75,1201.8590247976904,11.022584170337922,0.5511292085168962,True
50,175,0.12,0.92,90,1367.197787352759,11.022584170337922,0.5511292085168962,True
50,175,0.12,0.96,30,705.8427371324838,11.022584170337922,0.5511292085168962,True
50,175,0.12,0.96,45,871.1814996875527,11.022584170337922,0.5511292085168962,True
50,175,0.12,0.96,60,1036.5202622426214,11.022584170337922,0.5511292085168962,True
50,175,0.12,0.96,75,1201.8590247976904,11.022584170337922,0.5511292085168962,True
50,175,0.12,0.96,90,1367.197787352759,11.022584170337922,0.5511292085168962,True
50,175,0.16,0.88,30,692.8025980895502,10.587912868906804,0.5293956434453402,True
50,175,0.16,0.88,45,851.6212911231523,10.587912868906804,0.5293956434453402,True
50,175,0.16,0.88,60,1010.4399841567542,10.587912868906804,0.5293956434453402,True
50,175,0.16,0.88,75,1169.2586771903564,10.587912868906804,0.5293956434453402,True
50,175,0.16,0.88,90,1328.0773702239585,10.587912868906804,0.5293956434453402,True
50,175,0.16,0.92,30,692.8025980895502,10.587912868906804,0.5293956434453402,True
50,175,0.16,0.92,45,851.6212911231523,10.587912868906804,0.5293956434453402,True
50,175,0.16,0.92,60,1010.4399841567542,10.587912868906804,0.5293956434453402,True
50,175,0.16,0.92,75,1169.2586771903564,10.587912868906804,0.5293956434453402,True
50,175,0.16,0.92,90,1328.0773702239585,10.587912868906804,0.5293956434453402,True
50,175,0.16,0.96,30,692.8025980895502,10.587912868906804,0.5293956434453402,True
50,175,0.16,0.96,45,851.6212911231523,10.587912868906804,0.5293956434453402,True
50,175,0.16,0.96,60,1010.4399841567542,10.587912868906804,0.5293956434453402,True
50,175,0.16,0.96,75,1169.2586771903564,10.587912868906804,0.5293956434453402,True
50,175,0.16,0.96,90,1328.0773702239585,10.587912868906804,0.5293956434453402,True
50,175,0.2,0.88,30,684.9785146637902,10.327110088048133,0.5163555044024067,True
50,175,0.2,0.88,45,839.8851659845121,10.327110088048133,0.5163555044024067,True
50,175,0.2,0.88,60,994.7918173052341,10.327110088048133,0.5163555044024067,True
50,175,0.2,0.88,75,1149.6984686259561,10.327110088048133,0.5163555044024067,True
50,175,0.2,0.88,90,1304.605119946678,10.327110088048133,0.5163555044024067,True
50,175,0.2,0.92,30,684.9785146637902,10.327110088048133,0.5163555044024067,True
50,175,0.2,0.92,45,839.8851659845121,10.327110088048133,0.5163555044024067,True
50,175,0.2,0.92,60,994.7918173052341,10.327110088048133,0.5163555044024067,True
50,175,0.2,0.92,75,1149.6984686259561,10.327110088048133,0.5163555044024067,True
50,175,0.2,0.92,90,1304.605119946678,10.327110088048133,0.5163555044024067,True
50,175,0.2,0.96,30,684.9785146637902,10.327110088048133,0.5163555044024067,True
50,175,0.2,0.96,45,839.8851659845121,10.327110088048133,0.5163555044024067,True
50,175,0.2,0.96,60,994.7918173052341,10.327110088048133,0.5163555044024067,True
50,175,0.2,0.96,75,1149.6984686259561,10.327110088048133,0.5163555044024067,True
50,175,0.2,0.96,90,1304.605119946678,10.327110088048133,0.5163555044024067,True
50,175,0.24,0.88,30,679.7624590466166,10.153241567475686,0.5076620783737843,True
50,175,0.24,0.88,45,832.061082558752,10.153241567475686,0.5076620783737843,True
50,175,0.24,0.88,60,984.3597060708873,10.153241567475686,0.5076620783737843,True
50,175,0.24,0.88,75,1136.6583295830226,10.153241567475686,0.5076620783737843,True
50,175,0.24,0.88,90,1288.9569530951578,10.153241567475686,0.5076620783737843,True
50,175,0.24,0.92,30,679.7624590466166,10.153241567475686,0.5076620783737843,True
50,175,0.24,0.92,45,832.061082558752,10.153241567475686,0.5076620783737843,True
50,175,0.24,0.92,60,984.3597060708873,10.153241567475686,0.5076620783737843,True
50,175,0.24,0.92,75,1136.6583295830226,10.153241567475686,0.5076620783737843,True
50,175,0.24,0.92,90,1288.9569530951578,10.153241567475686,0.5076620783737843,True
50,175,0.24,0.96,30,679.7624590466166,10.153241567475686,0.5076620783737843,True
50,175,0.24,0.96,45,832.061082558752,10.153241567475686,0.5076620783737843,True
50,175,0.24,0.96,60,984.3597060708873,10.153241567475686,0.5076620783737843,True
50,175,0.24,0.96,75,1136.6583295830226,10.153241567475686,0.5076620783737843,True
50,175,0.24,0.96,90,1288.9569530951578,10.153241567475686,0.5076620783737843,True
50,175,0.28,0.88,30,676.0367050343499,10.029049767066795,0.5014524883533398,True
50,175,0.28,0.88,45,826.4724515403518,10.029049767066795,0.5014524883533398,True
50,175,0.28,0.88,60,976.9081980463538,10.029049767066795,0.5014524883533398,True
50,175,0.28,0.88,75,1127.3439445523557,10.029049767066795,0.5014524883533398,True
50,175,0.28,0.88,90,1277.7796910583577,10.029049767066795,0.5014524883533398,True
50,175,0.28,0.92,30,676.0367050343499,10.029049767066795,0.5014524883533398,True
50,175,0.28,0.92,45,826.4724515403518,10.029049767066795,0.5014524883533398,True
50,175,0.28,0.92,60,976.9081980463538,10.029049767066795,0.5014524883533398,True
50,175,0.28,0.92,75,1127.3439445523557,10.029049767066795,0.5014524883533398,True
50,175,0.28,0.92,90,1277.7796910583577,10.029049767066795,0.5014524883533398,True
50,175,0.28,0.96,30,676.0367050343499,10.029049767066795,0.5014524883533398,True
50,175,0.28,0.96,45,826.4724515403518,10.029049767066795,0.5014524883533398,True
50,175,0.28,0.96,60,976.9081980463538,10.029049767066795,0.5014524883533398,True
50,175,0.28,0.96,75,1127.3439445523557,10.029049767066795,0.5014524883533398,True
50,175,0.28,0.96,90,1277.7796910583577,10.029049767066795,0.5014524883533398,True
50,200,0.12,0.88,30,705.8427371324838,11.022584170337922,0.5511292085168962,True
50,200,0.12,0.88,45,871.1814996875527,11.022584170337922,0.5511292085168962,True
50,200,0.12,0.88,60,1036.5202622426214,11.022584170337922,0.5511292085168962,True
50,200,0.12,0.88,75,1201.8590247976904,11.022584170337922,0.5511292085168962,True
50,200,0.12,0.88,90,1367.197787352759,11.022584170337922,0.5511292085168962,True
50,200,0.12,0.92,30,705.8427371324838,11.022584170337922,0.5511292085168962,True
50,200,0.12,0.92,45,871.1814996875527,11.022584170337922,0.5511292085168962,True
50,200,0.12,0.92,60,1036.5202622426214,11.022584170337922,0.5511292085168962,True
50,200,0.12,0.92,75,1201.8590247976904,11.022584170337922,0.5511292085168962,True
50,200,0.12,0.92,90,1367.197787352759,11.022584170337922,0.5511292085168962,True
50,200,0.12,0.96,30,705.8427371324838,11.022584170337922,0.5511292085168962,True
50,200,0.12,0.96,45,871.1814996875527,11.022584170337922,0.5511292085168962,True
50,200,0.12,0.96,60,1036.5202622426214,11.022584170337922,0.5511292085168962,True
50,200,0.12,0.96,75,1201.8590247976904,11.022584170337922,0.5511292085168962,True
50,200,0.12,0.96,90,1367.197787352759,11.022584170337922,0.5511292085168962,True
50,200,0.16,0.88,30,692.8025980895502,10.587912868906804,0.5293956434453402,True
50,200,0.16,0.88,45,851.6212911231523,10.587912868906804,0.5293956434453402,True
50,200,0.16,0.88,60,1010.4399841567542,10.587912868906804,0.5293956434453402,True
50,200,0.16,0.88,75,1169.2586771903564,10.587912868906804,0.5293956434453402,True
50,200,0.16,0.88,90,1328.0773702239585,10.587912868906804,0.5293956434453402,True
50,200,0.16,0.92,30,692.8025980895502,10.587912868906804,0.5293956434453402,True
50,200,0.16,0.92,45,851.6212911231523,10.587912868906804,0.5293956434453402,True
50,200,0.16,0.92,60,1010.4399841567542,10.587912868906804,0.5293956434453402,True
50,200,0.16,0.92,75,1169.2586771903564,10.587912868906804,0.5293956434453402,True
50,200,0.16,0.92,90,1328.0773702239585,10.587912868906804,0.5293956434453402,True
50,200,0.16,0.96,30,692.8025980895502,10.587912868906804,0.5293956434453402,True
50,200,0.16,0.96,45,851.6212911231523,10.587912868906804,0.5293956434453402,True
50,200,0.16,0.96,60,1010.4399841567542,10.587912868906804,0.5293956434453402,True
50,200,0.16,0.96,75,1169.2586771903564,10.587912868906804,0.5293956434453402,True
50,200,0.16,0.96,90,1328.0773702239585,10.587912868906804,0.5293956434453402,True
50,200,0.2,0.88,30,684.9785146637902,10.327110088048133,0.5163555044024067,True
50,200,0.2,0.88,45,839.8851659845121,10.327110088048133,0.5163555044024067,True
50,200,0.2,0.88,60,994.7918173052341,10.327110088048133,0.5163555044024067,True
50,200,0.2,0.88,75,1149.6984686259561,10.327110088048133,0.5163555044024067,True
50,200,0.2,0.88,90,1304.605119946678,10.327110088048133,0.5163555044024067,True
50,200,0.2,0.92,30,684.9785146637902,10.327110088048133,0.5163555044024067,True
50,200,0.2,0.92,45,839.8851659845121,10.327110088048133,0.5163555044024067,True
50,200,0.2,0.92,60,994.7918173052341,10.327110088048133,0.5163555044024067,True
50,200,0.2,0.92,75,1149.6984686259561,10.327110088048133,0.5163555044024067,True
50,200,0.2,0.92,90,1304.605119946678,10.327110088048133,0.5163555044024067,True
50,200,0.2,0.96,30,684.9785146637902,10.327110088048133,0.5163555044024067,True
50,200,0.2,0.96,45,839.8851659845121,10.327110088048133,0.5163555044024067,True
50,200,0.2,0.96,60,994.7918173052341,10.327110088048133,0.5163555044024067,True
50,200,0.2,0.96,75,1149.6984686259561,10.327110088048133,0.5163555044024067,True
50,200,0.2,0.96,90,1304.605119946678,10.327110088048133,0.5163555044024067,True
50,200,0.24,0.88,30,679.7624590466166,10.153241567475686,0.5076620783737843,True
50,200,0.24,0.88,45,832.061082558752,10.153241567475686,0.5076620783737843,True
50,200,0.24,0.88,60,984.3597060708873,10.153241567475686,0.5076620783737843,True
50,200,0.24,0.88,75,1136.6583295830226,10.153241567475686,0.5076620783737843,True
50,200,0.24,0.88,90,1288.9569530951578,10.153241567475686,0.5076620783737843,True
50,200,0.24,0.92,30,679.7624590466166,10.153241567475686,0.5076620783737843,True
50,200,0.24,0.92,45,832.061082558752,10.153241567475686,0.5076620783737843,True
50,200,0.24,0.92,60,984.3597060708873,10.153241567475686,0.5076620783737843,True
50,200,0.24,0.92,75,1136.6583295830226,10.153241567475686,0.5076620783737843,True
50,200,0.24,0.92,90,1288.9569530951578,10.153241567475686,0.5076620783737843,True
50,200,0.24,0.96,30,679.7624590466166,10.153241567475686,0.5076620783737843,True
50,200,0.24,0.96,45,832.061082558752,10.153241567475686,0.5076620783737843,True
50,200,0.24,0.96,60,984.3597060708873,10.153241567475686,0.5076620783737843,True
50,200,0.24,0.96,75,1136.6583295830226,10.153241567475686,0.5076620783737843,True
50,200,0.24,0.96,90,1288.9569530951578,10.153241567475686,0.5076620783737843,True
50,200,0.28,0.88,30,676.0367050343499,10.029049767066795,0.5014524883533398,True
50,200,0.28,0.88,45,826.4724515403518,10.029049767066795,0.5014524883533398,True
50,200,0.28,0.88,60,976.9081980463538,10.029049767066795,0.5014524883533398,True
50,200,0.28,0.88,75,1127.3439445523557,10.029049767066795,0.5014524883533398,True
50,200,0.28,0.88,90,1277.7796910583577,10.029049767066795,0.5014524883533398,True
50,200,0.28,0.92,30,676.0367050343499,10.029049767066795,0.5014524883533398,True
50,200,0.28,0.92,45,826.4724515403518,10.029049767066795,0.5014524883533398,True
50,200,0.28,0.92,60,976.9081980463538,10.029049767066795,0.5014524883533398,True
50,200,0.28,0.92,75,1127.3439445523557,10.029049767066795,0.5014524883533398,True
50,200,0.28,0.92,90,1277.7796910583577,10.029049767066795,0.5014524883533398,True
50,200,0.28,0.96,30,676.0367050343499,10.029049767066795,0.5014524883533398,True
50,200,0.28,0.96,45,826.4724515403518,10.029049767066795,0.5014524883533398,True
50,200,0.28,0.96,60,976.9081980463538,10.029049767066795,0.5014524883533398,True
50,200,0.28,0.96,75,1127.3439445523557,10.029049767066795,0.5014524883533398,True
50,200,0.28,0.96,90,1277.7796910583577,10.029049767066795,0.5014524883533398,True
52,100,0.12,0.88,30,718.120153808961,11.431831392887167,0.5715915696443584,True
52,100,0.12,0.88,45,889.5976247022686,11.431831392887167,0.5715915696443584,True
52,100,0.12,0.88,60,1061.0750955955762,11.431831392887167,0.5715915696443584,True
52,100,0.12,0.88,75,1232.5525664888835,11.431831392887167,0.5715915696443584,True
52,100,0.12,0.88,90,1404.030037382191,11.431831392887167,0.5715915696443584,True
52,100,0.12,0.92,30,718.120153808961,11.431831392887167,0.5715915696443584,True
52,100,0.12,0.92,45,889.5976247022686,11.431831392887167,0.5715915696443584,True
52,100,0.12,0.92,60,1061.0750955955762,11.431831392887167,0.5715915696443584,True
52,100,0.12,0.92,75,1232.5525664888835,11.431831392887167,0.5715915696443584,True
52,100,0.12,0.92,90,1404.030037382191,11.431831392887167,0.5715915696443584,True
52,100,0.12,0.96,30,718.120153808961,11.431831392887167,0.5715915696443584,True
52,100,0.12,0.96,45,889.5976247022686,11.431831392887167,0.5715915696443584,True
52,100,0.12,0.96,60,1061.0750955955762,11.431831392887167,0.5715915696443584,True
52,100,0.12,0.96,75,1232.5525664888835,11.431831392887167,0.5715915696443584,True
52,100,0.12,0.96,90,1404.030037382191,11.431831392887167,0.5715915696443584,True
52,100,0.16,0.88,30,704.6338877065625,10.98228918947388,0.5491144594736941,True
52,100,0.16,0.88,45,869.3682255486708,10.98228918947388,0.5491144594736941,True
52,100,0.16,0.88,60,1034.1025633907789,10.98228918947388,0.5491144594736941,True
52,100,0.16,0.88,75,1198.8369012328872,10.98228918947388,0.5491144594736941,True
52,100,0.16,0.88,90,1363.5712390749954,10.98228918947388,0.5491144594736941,True
52,100,0.16,0.92,30,704.6338877065625,10.98228918947388,0.5491144594736941,True
52,100,0.16,0.92,45,869.3682255486708,10.98228918947388,0.5491144594736941,True
52,100,0.16,0.92,60,1034.1025633907789,10.98228918947388,0.5491144594736941,True
52,100,0.16,0.92,75,1198.8369012328872,10.98228918947388,0.5491144594736941,True
52,100,0.16,0.92,90,1363.5712390749954,10.98228918947388,0.5491144594736941,True
52,100,0.16,0.96,30,704.6338877065625,10.98228918947388,0.5491144594736941,True
52,100,0.16,0.96,45,869.3682255486708,10.98228918947388,0.5491144594736941,True
52,100,0.16,0.96,60,1034.1025633907789,10.98228918947388,0.5491144594736941,True
52,100,0.16,0.96,75,1198.8369012328872,10.98228918947388,0.5491144594736941,True
52,100,0.16,0.96,90,1363.5712390749954,10.98228918947388,0.5491144594736941,True
52,100,0.2,0.88,30,696.5421280451235,10.71256386742591,0.5356281933712955,True
52,100,0.2,0.88,45,857.230586056512,10.71256386742591,0.5356281933712955,True
52,100,0.2,0.88,60,1017.9190440679006,10.71256386742591,0.5356281933712955,True
52,100,0.2,0.88,75,1178.6075020792894,10.71256386742591,0.5356281933712955,True
52,100,0.2,0.88,90,1339.295960090678,10.71256386742591,0.5356281933712955,True
52,100,0.2,0.92,30,696.5421280451235,10.71256386742591,0.5356281933712955,True
52,100,0.2,0.92,45,857.230586056512,10.71256386742591,0.5356281933712955,True
52,100,0.2,0.92,60,1017.9190440679006,10.71256386742591,0.5356281933712955,True
52,100,0.2,0.92,75,1178.6075020792894,10.71256386742591,0.5356281933712955,True
52,100,0.2,0.92,90,1339.295960090678,10.71256386742591,0.5356281933712955,True
52,100,0.2,0.96,30,696.5421280451235,10.71256386742591,0.5356281933712955,True
52,100,0.2,0.96,45,857.230586056512,10.71256386742591,0.5356281933712955,True
52,100,0.2,0.96,60,1017.9190440679006,10.71256386742591,0.5356281933712955,True
52,100,0.2,0.96,75,1178.6075020792894,10.71256386742591,0.5356281933712955,True
52,100,0.2,0.96,90,1339.295960090678,10.71256386742591,0.5356281933712955,True
52,100,0.24,0.88,30,691.147621604164,10.532746986060596,0.5266373493030299,True
52,100,0.24,0.88,45,849.138826395073,10.532746986060596,0.5266373493030299,True
52,100,0.24,0.88,60,1007.1300311859818,10.532746986060596,0.5266373493030299,True
52,100,0.24,0.88,75,1165.1212359768908,10.532746986060596,0.5266373493030299,True
52,100,0.24,0.88,90,1323.1124407677996,10.532746986060596,0.5266373493030299,True
52,100,0.24,0.92,30,691.147621604164,10.532746986060596,0.5266373493030299,True
52,100,0.24,0.92,45,849.138826395073,10.532746986060596,0.5266373493030299,True
52,100,0.24,0.92,60,1007.1300311859818,10.532746986060596,0.5266373493030299,True
52,100,0.24,0.92,75,1165.1212359768908,10.532746986060596,0.5266373493030299,True
52,100,0.24,0.92,90,1323.1124407677996,10.532746986060596,0.5266373493030299,True
52,100,0.24,0.96,30,691.147621604164,10.532746986060596,0.5266373493030299,True
52,100,0.24,0.96,45,849.138826395073,10.532746986060596,0.5266373493030299,True
52,100,0.24,0.96,60,1007.1300311859818,10.532746986060596,0.5266373493030299,True
52,100,0.24,0.96,75,1165.1212359768908,10.532746986060596,0.5266373493030299,True
52,100,0.24,0.96,90,1323.1124407677996,10.532746986060596,0.5266373493030299,True
52,100,0.28,0.88,30,687.2944027177643,10.404306356513942,0.5202153178256972,True
52,100,0.28,0.88,45,843.3589980654735,10.404306356513942,0.5202153178256972,True
52,100,0.28,0.88,60,999.4235934131827,10.404306356513942,0.5202153178256972,True
52,100,0.28,0.88,75,1155.4881887608917,10.404306356513942,0.5202153178256972,True
52,100,0.28,0.88,90,1311.552784108601,10.404306356513942,0.5202153178256972,True
52,100,0.28,0.92,30,687.2944027177643,10.404306356513942,0.5202153178256972,True
52,100,0.28,0.92,45,843.3589980654735,10.404306356513942,0.5202153178256972,True
52,100,0.28,0.92,60,999.4235934131827,10.404306356513942,0.5202153178256972,True
52,100,0.28,0.92,75,1155.4881887608917,10.404306356513942,0.5202153178256972,True
52,100,0.28,0.92,90,1311.552784108601,10.404306356513942,0.5202153178256972,True
52,100,0.28,0.96,30,687.2944027177643,10.404306356513942,0.5202153178256972,True
52,100,0.28,0.96,45,843.3589980654735,10.404306356513942,0.5202153178256972,True
52,100,0.28,0.96,60,999.4235934131827,10.404306356513942,0.5202153178256972,True
52,100,0.28,0.96,75,1155.4881887608917,10.404306356513942,0.5202153178256972,True
52,100,0.28,0.96,90,1311.552784108601,10.404306356513942,0.5202153178256972,True
52,125,0.12,0.88,30,718.120153808961,11.431831392887167,0.5715915696443584,True
52,125,0.12,0.88,45,889.5976247022686,11.431831392887167,0.5715915696443584,True
52,125,0.12,0.88,60,1061.0750955955762,11.431831392887167,0.5715915696443584,True
52,125,0.12,0.88,75,1232.5525664888835,11.431831392887167,0.5715915696443584,True
52,125,0.12,0.88,90,1404.030037382191,11.431831392887167,0.5715915696443584,True
52,125,0.12,0.92,30,718.120153808961,11.431831392887167,0.5715915696443584,True
52,125,0.12,0.92,45,889.5976247022686,11.431831392887167,0.5715915696443584,True
52,125,0.12,0.92,60,1061.0750955955762,11.431831392887167,0.5715915696443584,True
52,125,0.12,0.92,75,1232.5525664888835,11.431831392887167,0.5715915696443584,True
52,125,0.12,0.92,90,1404.030037382191,11.431831392887167,0.5715915696443584,True
52,125,0.12,0.96,30,718.120153808961,11.431831392887167,0.5715915696443584,True
52,125,0.12,0.96,45,889.5976247022686,11.431831392887167,0.5715915696443584,True
52,125,0.12,0.96,60,1061.0750955955762,11.431831392887167,0.5715915696443584,True
52,125,0.12,0.96,75,1232.5525664888835,11.431831392887167,0.5715915696443584,True
52,125,0.12,0.96,90,1404.030037382191,11.431831392887167,0.5715915696443584,True
52,125,0.16,0.88,30,704.6338877065625,10.98228918947388,0.5491144594736941,True
52,125,0.16,0.88,45,869.3682255486708,10.98228918947388,0.5491144594736941,True
52,125,0.16,0.88,60,1034.1025633907789,10.98228918947388,0.5491144594736941,True
52,125,0.16,0.88,75,1198.8369012328872,10.98228918947388,0.5491144594736941,True
52,125,0.16,0.88,90,1363.5712390749954,10.98228918947388,0.5491144594736941,True
52,125,0.16,0.92,30,704.6338877065625,10.98228918947388,0.5491144594736941,True
52,125,0.16,0.92,45,869.3682255486708,10.98228918947388,0.5491144594736941,True
52,125,0.16,0.92,60,1034.1025633907789,10.98228918947388,0.5491144594736941,True
52,125,0.16,0.92,75,1198.8369012328872,10.98228918947388,0.5491144594736941,True
52,125,0.16,0.92,90,1363.5712390749954,10.98228918947388,0.5491144594736941,True
52,125,0.16,0.96,30,704.6338877065625,10.98228918947388,0.5491144594736941,True
52,125,0.16,0.96,45,869.3682255486708,10.98228918947388,0.5491144594736941,True
52,125,0.16,0.96,60,1034.1025633907789,10.98228918947388,0.5491144594736941,True
52,125,0.16,0.96,75,1198.8369012328872,10.98228918947388,0.5491144594736941,True
52,125,0.16,0.96,90,1363.5712390749954,10.98228918947388,0.5491144594736941,True
52,125,0.2,0.88,30,696.5421280451235,10.71256386742591,0.5356281933712955,True
52,125,0.2,0.88,45,857.230586056512,10.71256386742591,0.5356281933712955,True
52,125,0.2,0.88,60,1017.9190440679006,10.71256386742591,0.5356281933712955,True
52,125,0.2,0.88,75,1178.6075020792894,10.71256386742591,0.5356281933712955,True
52,125,0.2,0.88,90,1339.295960090678,10.71256386742591,0.5356281933712955,True
52,125,0.2,0.92,30,696.5421280451235,10.71256386742591,0.5356281933712955,True
52,125,0.2,0.92,45,857.230586056512,10.71256386742591,0.5356281933712955,True
52,125,0.2,0.92,60,1017.9190440679006,10.71256386742591,0.5356281933712955,True
52,125,0.2,0.92,75,1178.6075020792894,10.71256386742591,0.5356281933712955,True
52,125,0.2,0.92,90,1339.295960090678,10.71256386742591,0.5356281933712955,True
52,125,0.2,0.96,30,696.5421280451235,10.71256386742591,0.5356281933712955,True
52,125,0.2,0.96,45,857.230586056512,10.71256386742591,0.5356281933712955,True
52,125,0.2,0.96,60,1017.9190440679006,10.71256386742591,0.5356281933712955,True
52,125,0.2,0.96,75,1178.6075020792894,10.71256386742591,0.5356281933712955,True
52,125,0.2,0.96,90,1339.295960090678,10.71256386742591,0.5356281933712955,True
52,125,0.24,0.88,30,691.147621604164,10.532746986060596,0.5266373493030299,True
52,125,0.24,0.88,45,849.138826395073,10.532746986060596,0.5266373493030299,True
52,125,0.24,0.88,60,1007.1300311859818,10.532746986060596,0.5266373493030299,True
52,125,0.24,0.88,75,1165.1212359768908,10.532746986060596,0.5266373493030299,True
52,125,0.24,0.88,90,1323.1124407677996,10.532746986060596,0.5266373493030299,True
52,125,0.24,0.92,30,691.147621604164,10.532746986060596,0.5266373493030299,True
52,125,0.24,0.92,45,849.138826395073,10.532746986060596,0.5266373493030299,True
52,125,0.24,0.92,60,1007.1300311859818,10.532746986060596,0.5266373493030299,True
52,125,0.24,0.92,75,1165.1212359768908,10.532746986060596,0.5266373493030299,True
52,125,0.24,0.92,90,1323.1124407677996,10.532746986060596,0.5266373493030299,True
52,125,0.24,0.96,30,691.147621604164,10.532746986060596,0.5266373493030299,True
52,125,0.24,0.96,45,849.138826395073,10.532746986060596,0.5266373493030299,True
52,125,0.24,0.96,60,1007.1300311859818,10.532746986060596,0.5266373493030299,True
52,125,0.24,0.96,75,1165.1212359768908,10.532746986060596,0.5266373493030299,True
52,125,0.24,0.96,90,1323.1124407677996,10.532746986060596,0.5266373493030299,True
52,125,0.28,0.88,30,687.2944027177643,10.404306356513942,0.5202153178256972,True
52,125,0.28,0.88,45,843.3589980654735,10.404306356513942,0.5202153178256972,True
52,125,0.28,0.88,60,999.4235934131827,10.404306356513942,0.5202153178256972,True
52,125,0.28,0.88,75,1155.4881887608917,10.404306356513942,0.5202153178256972,True
52,125,0.28,0.88,90,1311.552784108601,10.404306356513942,0.5202153178256972,True
52,125,0.28,0.92,30,687.2944027177643,10.404306356513942,0.5202153178256972,True
52,125,0.28,0.92,45,843.3589980654735,10.404306356513942,0.5202153178256972,True
52,125,0.28,0.92,60,999.4235934131827,10.404306356513942,0.5202153178256972,True
52,125,0.28,0.92,75,1155.4881887608917,10.404306356513942,0.5202153178256972,True
52,125,0.28,0.92,90,1311.552784108601,10.404306356513942,0.5202153178256972,True
52,125,0.28,0.96,30,687.2944027177643,10.404306356513942,0.5202153178256972,True
52,125,0.28,0.96,45,843.3589980654735,10.404306356513942,0.5202153178256972,True
52,125,0.28,0.96,60,999.4235934131827,10.404306356513942,0.5202153178256972,True
52,125,0.28,0.96,75,1155.4881887608917,10.404306356513942,0.5202153178256972,True
52,125,0.28,0.96,90,1311.552784108601,10.404306356513942,0.5202153178256972,True
52,150,0.12,0.88,30,718.120153808961,11.431831392887167,0.5715915696443584,True
52,150,0.12,0.88,45,889.5976247022686,11.431831392887167,0.5715915696443584,True
52,150,0.12,0.88,60,1061.0750955955762,11.431831392887167,0.5715915696443584,True
52,150,0.12,0.88,75,1232.5525664888835,11.431831392887167,0.5715915696443584,True
52,150,0.12,0.88,90,1404.030037382191,11.431831392887167,0.5715915696443584,True
52,150,0.12,0.92,30,718.120153808961,11.431831392887167,0.5715915696443584,True
52,150,0.12,0.92,45,889.5976247022686,11.431831392887167,0.5715915696443584,True
52,150,0.12,0.92,60,1061.0750955955762,11.431831392887167,0.5715915696443584,True
52,150,0.12,0.92,75,1232.5525664888835,11.431831392887167,0.5715915696443584,True
52,150,0.12,0.92,90,1404.030037382191,11.431831392887167,0.5715915696443584,True
52,150,0.12,0.96,30,718.120153808961,11.431831392887167,0.5715915696443584,True
52,150,0.12,0.96,45,889.5976247022686,11.431831392887167,0.5715915696443584,True
52,150,0.12,0.96,60,1061.0750955955762,11.431831392887167,0.5715915696443584,True
52,150,0.12,0.96,75,1232.5525664888835,11.431831392887167,0.5715915696443584,True
52,150,0.12,0.96,90,1404.030037382191,11.431831392887167,0.5715915696443584,True
52,150,0.16,0.88,30,704.6338877065625,10.98228918947388,0.5491144594736941,True
52,150,0.16,0.88,45,869.3682255486708,10.98228918947388,0.5491144594736941,True
52,150,0.16,0.88,60,1034.1025633907789,10.98228918947388,0.5491144594736941,True
52,150,0.16,0.88,75,1198.8369012328872,10.98228918947388,0.5491144594736941,True
52,150,0.16,0.88,90,1363.5712390749954,10.98228918947388,0.5491144594736941,True
52,150,0.16,0.92,30,704.6338877065625,10.98228918947388,0.5491144594736941,True
52,150,0.16,0.92,45,869.3682255486708,10.98228918947388,0.5491144594736941,True
52,150,0.16,0.92,60,1034.1025633907789,10.98228918947388,0.5491144594736941,True
52,150,0.16,0.92,75,1198.8369012328872,10.98228918947388,0.5491144594736941,True
52,150,0.16,0.92,90,1363.5712390749954,10.98228918947388,0.5491144594736941,True
52,150,0.16,0.96,30,704.6338877065625,10.98228918947388,0.5491144594736941,True
52,150,0.16,0.96,45,869.3682255486708,10.98228918947388,0.5491144594736941,True
52,150,0.16,0.96,60,1034.1025633907789,10.98228918947388,0.5491144594736941,True
52,150,0.16,0.96,75,1198.8369012328872,10.98228918947388,0.5491144594736941,True
52,150,0.16,0.96,90,1363.5712390749954,10.98228918947388,0.5491144594736941,True
52,150,0.2,0.88,30,696.5421280451235,10.71256386742591,0.5356281933712955,True
52,150,0.2,0.88,45,857.230586056512,10.71256386742591,0.5356281933712955,True
52,150,0.2,0.88,60,1017.9190440679006,10.71256386742591,0.5356281933712955,True
52,150,0.2,0.88,75,1178.6075020792894,10.71256386742591,0.5356281933712955,True
52,150,0.2,0.88,90,1339.295960090678,10.71256386742591,0.5356281933712955,True
52,150,0.2,0.92,30,696.5421280451235,10.71256386742591,0.5356281933712955,True
52,150,0.2,0.92,45,857.230586056512,10.71256386742591,0.5356281933712955,True
52,150,0.2,0.92,60,1017.9190440679006,10.71256386742591,0.5356281933712955,True
52,150,0.2,0.92,75,1178.6075020792894,10.71256386742591,0.5356281933712955,True
52,150,0.2,0.92,90,1339.295960090678,10.71256386742591,0.5356281933712955,True
52,150,0.2,0.96,30,696.5421280451235,10.71256386742591,0.5356281933712955,True
52,150,0.2,0.96,45,857.230586056512,10.71256386742591,0.5356281933712955,True
52,150,0.2,0.96,60,1017.9190440679006,10.71256386742591,0.5356281933712955,True
52,150,0.2,0.96,75,1178.6075020792894,10.71256386742591,0.5356281933712955,True
52,150,0.2,0.96,90,1339.295960090678,10.71256386742591,0.5356281933712955,True
52,150,0.24,0.88,30,691.147621604164,10.532746986060596,0.5266373493030299,True
52,150,0.24,0.88,45,849.138826395073,10.532746986060596,0.5266373493030299,True
52,150,0.24,0.88,60,1007.1300311859818,10.532746986060596,0.5266373493030299,True
52,150,0.24,0.88,75,1165.1212359768908,10.532746986060596,0.5266373493030299,True
52,150,0.24,0.88,90,1323.1124407677996,10.532746986060596,0.5266373493030299,True
52,150,0.24,0.92,30,691.147621604164,10.532746986060596,0.5266373493030299,True
52,150,0.24,0.92,45,849.138826395073,10.532746986060596,0.5266373493030299,True
52,150,0.24,0.92,60,1007.1300311859818,10.532746986060596,0.5266373493030299,True
52,150,0.24,0.92,75,1165.1212359768908,10.532746986060596,0.5266373493030299,True
52,150,0.24,0.92,90,1323.1124407677996,10.532746986060596,0.5266373493030299,True
52,150,0.24,0.96,30,691.147621604164,10.532746986060596,0.5266373493030299,True
52,150,0.24,0.96,45,849.138826395073,10.532746986060596,0.5266373493030299,True
52,150,0.24,0.96,60,1007.1300311859818,10.532746986060596,0.5266373493030299,True
52,150,0.24,0.96,75,1165.1212359768908,10.532746986060596,0.5266373493030299,True
52,150,0.24,0.96,90,1323.1124407677996,10.532746986060596,0.5266373493030299,True
52,150,0.28,0.88,30,687.2944027177643,10.404306356513942,0.5202153178256972,True
52,150,0.28,0.88,45,843.3589980654735,10.404306356513942,0.5202153178256972,True
52,150,0.28,0.88,60,999.4235934131827,10.404306356513942,0.5202153178256972,True
52,150,0.28,0.88,75,1155.4881887608917,10.404306356513942,0.5202153178256972,True
52,150,0.28,0.88,90,1311.552784108601,10.404306356513942,0.5202153178256972,True
52,150,0.28,0.92,30,687.2944027177643,10.404306356513942,0.5202153178256972,True
52,150,0.28,0.92,45,843.3589980654735,10.404306356513942,0.5202153178256972,True
52,150,0.28,0.92,60,999.4235934131827,10.404306356513942,0.5202153178256972,True
52,150,0.28,0.92,75,1155.4881887608917,10.404306356513942,0.5202153178256972,True
52,150,0.28,0.92,90,1311.552784108601,10.404306356513942,0.5202153178256972,True
52,150,0.28,0.96,30,687.2944027177643,10.404306356513942,0.5202153178256972,True
52,150,0.28,0.96,45,843.3589980654735,10.404306356513942,0.5202153178256972,True
52,150,0.28,0.96,60,999.4235934131827,10.404306356513942,0.5202153178256972,True
52,150,0.28,0.96,75,1155.4881887608917,10.404306356513942,0.5202153178256972,True
52,150,0.28,0.96,90,1311.552784108601,10.404306356513942,0.5202153178256972,True
52,175,0.12,0.88,30,718.120153808961,11.431831392887167,0.5715915696443584,True
52,175,0.12,0.88,45,889.5976247022686,11.431831392887167,0.5715915696443584,True
52,175,0.12,0.88,60,1061.0750955955762,11.431831392887167,0.5715915696443584,True
52,175,0.12,0.88,75,1232.5525664888835,11.431831392887167,0.5715915696443584,True
52,175,0.12,0.88,90,1404.030037382191,11.431831392887167,0.5715915696443584,True
52,175,0.12,0.92,30,718.120153808961,11.431831392887167,0.5715915696443584,True
52,175,0.12,0.92,45,889.5976247022686,11.431831392887167,0.5715915696443584,True
52,175,0.12,0.92,60,1061.0750955955762,11.431831392887167,0.5715915696443584,True
52,175,0.12,0.92,75,1232.5525664888835,11.431831392887167,0.5715915696443584,True
52,175,0.12,0.92,90,1404.030037382191,11.431831392887167,0.5715915696443584,True
52,175,0.12,0.96,30,718.120153808961,11.431831392887167,0.5715915696443584,True
52,175,0.12,0.96,45,889.5976247022686,11.431831392887167,0.5715915696443584,True
52,175,0.12,0.96,60,1061.0750955955762,11.431831392887167,0.5715915696443584,True
52,175,0.12,0.96,75,1232.5525664888835,11.431831392887167,0.5715915696443584,True
52,175,0.12,0.96,90,1404.030037382191,11.431831392887167,0.5715915696443584,True
52,175,0.16,0.88,30,704.6338877065625,10.98228918947388,0.5491144594736941,True
52,175,0.16,0.88,45,869.3682255486708,10.98228918947388,0.5491144594736941,True
52,175,0.16,0.88,60,1034.1025633907789,10.98228918947388,0.5491144594736941,True
52,175,0.16,0.88,75,1198.8369012328872,10.98228918947388,0.5491144594736941,True
52,175,0.16,0.88,90,1363.5712390749954,10.98228918947388,0.5491144594736941,True
52,175,0.16,0.92,30,704.6338877065625,10.98228918947388,0.5491144594736941,True
52,175,0.16,0.92,45,869.3682255486708,10.98228918947388,0.5491144594736941,True
52,175,0.16,0.92,60,1034.1025633907789,10.98228918947388,0.5491144594736941,True
52,175,0.16,0.92,75,1198.8369012328872,10.98228918947388,0.5491144594736941,True
52,175,0.16,0.92,90,1363.5712390749954,10.98228918947388,0.5491144594736941,True
52,175,0.16,0.96,30,704.6338877065625,10.98228918947388,0.5491144594736941,True
52,175,0.16,0.96,45,869.3682255486708,10.98228918947388,0.5491144594736941,True
52,175,0.16,0.96,60,1034.1025633907789,10.98228918947388,0.5491144594736941,True
52,175,0.16,0.96,75,1198.8369012328872,10.98228918947388,0.5491144594736941,True
52,175,0.16,0.96,90,1363.5712390749954,10.98228918947388,0.5491144594736941,True
52,175,0.2,0.88,30,696.5421280451235,10.71256386742591,0.5356281933712955,True
52,175,0.2,0.88,45,857.230586056512,10.71256386742591,0.5356281933712955,True
52,175,0.2,0.88,60,1017.9190440679006,10.71256386742591,0.5356281933712955,True
52,175,0.2,0.88,75,1178.6075020792894,10.71256386742591,0.5356281933712955,True
52,175,0.2,0.88,90,1339.295960090678,10.71256386742591,0.5356281933712955,True
52,175,0.2,0.92,30,696.5421280451235,10.71256386742591,0.5356281933712955,True
52,175,0.2,0.92,45,857.230586056512,10.71256386742591,0.5356281933712955,True
52,175,0.2,0.92,60,1017.9190440679006,10.71256386742591,0.5356281933712955,True
52,175,0.2,0.92,75,1178.6075020792894,10.71256386742591,0.5356281933712955,True
52,175,0.2,0.92,90,1339.295960090678,10.71256386742591,0.5356281933712955,True
52,175,0.2,0.96,30,696.5421280451235,10.71256386742591,0.5356281933712955,True
52,175,0.2,0.96,45,857.230586056512,10.71256386742591,0.5356281933712955,True
52,175,0.2,0.96,60,1017.9190440679006,10.71256386742591,0.5356281933712955,True
52,175,0.2,0.96,75,1178.6075020792894,10.71256386742591,0.5356281933712955,True
52,175,0.2,0.96,90,1339.295960090678,10.71256386742591,0.5356281933712955,True
52,175,0.24,0.88,30,691.147621604164,10.532746986060596,0.5266373493030299,True
52,175,0.24,0.88,45,849.138826395073,10.532746986060596,0.5266373493030299,True
52,175,0.24,0.88,60,1007.1300311859818,10.532746986060596,0.5266373493030299,True
52,175,0.24,0.88,75,1165.1212359768908,10.532746986060596,0.5266373493030299,True
52,175,0.24,0.88,90,1323.1124407677996,10.532746986060596,0.5266373493030299,True
52,175,0.24,0.92,30,691.147621604164,10.532746986060596,0.5266373493030299,True
52,175,0.24,0.92,45,849.138826395073,10.532746986060596,0.5266373493030299,True
52,175,0.24,0.92,60,1007.1300311859818,10.532746986060596,0.5266373493030299,True
52,175,0.24,0.92,75,1165.1212359768908,10.532746986060596,0.5266373493030299,True
52,175,0.24,0.92,90,1323.1124407677996,10.532746986060596,0.5266373493030299,True
52,175,0.24,0.96,30,691.147621604164,10.532746986060596,0.5266373493030299,True
52,175,0.24,0.96,45,849.138826395073,10.532746986060596,0.5266373493030299,True
52,175,0.24,0.96,60,1007.1300311859818,10.532746986060596,0.5266373493030299,True
52,175,0.24,0.96,75,1165.1212359768908,10.532746986060596,0.5266373493030299,True
52,175,0.24,0.96,90,1323.1124407677996,10.532746986060596,0.5266373493030299,True
52,175,0.28,0.88,30,687.2944027177643,10.404306356513942,0.5202153178256972,True
52,175,0.28,0.88,45,843.3589980654735,10.404306356513942,0.5202153178256972,True
52,175,0.28,0.88,60,999.4235934131827,10.404306356513942,0.5202153178256972,True
52,175,0.28,0.88,75,1155.4881887608917,10.404306356513942,0.5202153178256972,True
52,175,0.28,0.88,90,1311.552784108601,10.404306356513942,0.5202153178256972,True
52,175,0.28,0.92,30,687.2944027177643,10.404306356513942,0.5202153178256972,True
52,175,0.28,0.92,45,843.3589980654735,10.404306356513942,0.5202153178256972,True
52,175,0.28,0.92,60,999.4235934131827,10.404306356513942,0.5202153178256972,True
52,175,0.28,0.92,75,1155.4881887608917,10.404306356513942,0.5202153178256972,True
52,175,0.28,0.92,90,1311.552784108601,10.404306356513942,0.5202153178256972,True
52,175,0.28,0.96,30,687.2944027177643,10.404306356513942,0.5202153178256972,True
52,175,0.28,0.96,45,843.3589980654735,10.404306356513942,0.5202153178256972,True
52,175,0.28,0.96,60,999.4235934131827,10.404306356513942,0.5202153178256972,True
52,175,0.28,0.96,75,1155.4881887608917,10.404306356513942,0.5202153178256972,True
52,175,0.28,0.96,90,1311.552784108601,10.404306356513942,0.5202153178256972,True
52,200,0.12,0.88,30,718.120153808961,11.431831392887167,0.5715915696443584,True
52,200,0.12,0.88,45,889.5976247022686,11.431831392887167,0.5715915696443584,True
52,200,0.12,0.88,60,1061.0750955955762,11.431831392887167,0.5715915696443584,True
52,200,0.12,0.88,75,1232.5525664888835,11.431831392887167,0.5715915696443584,True
52,200,0.12,0.88,90,1404.030037382191,11.431831392887167,0.5715915696443584,True
52,200,0.12,0.92,30,718.120153808961,11.431831392887167,0.5715915696443584,True
52,200,0.12,0.92,45,889.5976247022686,11.431831392887167,0.5715915696443584,True
52,200,0.12,0.92,60,1061.0750955955762,11.431831392887167,0.5715915696443584,True
52,200,0.12,0.92,75,1232.5525664888835,11.431831392887167,0.5715915696443584,True
52,200,0.12,0.92,90,1404.030037382191,11.431831392887167,0.5715915696443584,True
52,200,0.12,0.96,30,718.120153808961,11.431831392887167,0.5715915696443584,True
52,200,0.12,0.96,45,889.5976247022686,11.431831392887167,0.5715915696443584,True
52,200,0.12,0.96,60,1061.0750955955762,11.431831392887167,0.5715915696443584,True
52,200,0.12,0.96,75,1232.5525664888835,11.431831392887167,0.5715915696443584,True
52,200,0.12,0.96,90,1404.030037382191,11.431831392887167,0.5715915696443584,True
52,200,0.16,0.88,30,704.6338877065625,10.98228918947388,0.5491144594736941,True
52,200,0.16,0.88,45,869.3682255486708,10.98228918947388,0.5491144594736941,True
52,200,0.16,0.88,60,1034.1025633907789,10.98228918947388,0.5491144594736941,True
52,200,0.16,0.88,75,1198.8369012328872,10.98228918947388,0.5491144594736941,True
52,200,0.16,0.88,90,1363.5712390749954,10.98228918947388,0.5491144594736941,True
52,200,0.16,0.92,30,704.6338877065625,10.98228918947388,0.5491144594736941,True
52,200,0.16,0.92,45,869.3682255486708,10.98228918947388,0.5491144594736941,True
52,200,0.16,0.92,60,1034.1025633907789,10.98228918947388,0.5491144594736941,True
52,200,0.16,0.92,75,1198.8369012328872,10.98228918947388,0.5491144594736941,True
52,200,0.16,0.92,90,1363.5712390749954,10.98228918947388,0.5491144594736941,True
52,200,0.16,0.96,30,704.6338877065625,10.98228918947388,0.5491144594736941,True
52,200,0.16,0.96,45,869.3682255486708,10.98228918947388,0.5491144594736941,True
52,200,0.16,0.96,60,1034.1025633907789,10.98228918947388,0.5491144594736941,True
52,200,0.16,0.96,75,1198.8369012328872,10.98228918947388,0.5491144594736941,True
52,200,0.16,0.96,90,1363.5712390749954,10.98228918947388,0.5491144594736941,True
52,200,0.2,0.88,30,696.5421280451235,10.71256386742591,0.5356281933712955,True
52,200,0.2,0.88,45,857.230586056512,10.71256386742591,0.5356281933712955,True
52,200,0.2,0.88,60,1017.9190440679006,10.71256386742591,0.5356281933712955,True
52,200,0.2,0.88,75,1178.6075020792894,10.71256386742591,0.5356281933712955,True
52,200,0.2,0.88,90,1339.295960090678,10.71256386742591,0.5356281933712955,True
52,200,0.2,0.92,30,696.5421280451235,10.71256386742591,0.5356281933712955,True
52,200,0.2,0.92,45,857.230586056512,10.71256386742591,0.5356281933712955,True
52,200,0.2,0.92,60,1017.9190440679006,10.71256386742591,0.5356281933712955,True
52,200,0.2,0.92,75,1178.6075020792894,10.71256386742591,0.5356281933712955,True
52,200,0.2,0.92,90,1339.295960090678,10.71256386742591,0.5356281933712955,True
52,200,0.2,0.96,30,696.5421280451235,10.71256386742591,0.5356281933712955,True
52,200,0.2,0.96,45,857.230586056512,10.71256386742591,0.5356281933712955,True
52,200,0.2,0.96,60,1017.9190440679006,10.71256386742591,0.5356281933712955,True
52,200,0.2,0.96,75,1178.6075020792894,10.71256386742591,0.5356281933712955,True
52,200,0.2,0.96,90,1339.295960090678,10.71256386742591,0.5356281933712955,True
52,200,0.24,0.88,30,691.147621604164,10.532746986060596,0.5266373493030299,True
52,200,0.24,0.88,45,849.138826395073,10.532746986060596,0.5266373493030299,True
52,200,0.24,0.88,60,1007.1300311859818,10.532746986060596,0.5266373493030299,True
52,200,0.24,0.88,75,1165.1212359768908,10.532746986060596,0.5266373493030299,True
52,200,0.24,0.88,90,1323.1124407677996,10.532746986060596,0.5266373493030299,True
52,200,0.24,0.92,30,691.147621604164,10.532746986060596,0.5266373493030299,True
52,200,0.24,0.92,45,849.138826395073,10.532746986060596,0.5266373493030299,True
52,200,0.24,0.92,60,1007.1300311859818,10.532746986060596,0.5266373493030299,True
52,200,0.24,0.92,75,1165.1212359768908,10.532746986060596,0.5266373493030299,True
52,200,0.24,0.92,90,1323.1124407677996,10.532746986060596,0.5266373493030299,True
52,200,0.24,0.96,30,691.147621604164,10.532746986060596,0.5266373493030299,True
52,200,0.24,0.96,45,849.138826395073,10.532746986060596,0.5266373493030299,True
52,200,0.24,0.96,60,1007.1300311859818,10.532746986060596,0.5266373493030299,True
52,200,0.24,0.96,75,1165.1212359768908,10.532746986060596,0.5266373493030299,True
52,200,0.24,0.96,90,1323.1124407677996,10.532746986060596,0.5266373493030299,True
52,200,0.28,0.88,30,687.2944027177643,10.404306356513942,0.5202153178256972,True
52,200,0.28,0.88,45,843.3589980654735,10.404306356513942,0.5202153178256972,True
52,200,0.28,0.88,60,999.4235934131827,10.404306356513942,0.5202153178256972,True
52,200,0.28,0.88,75,1155.4881887608917,10.404306356513942,0.5202153178256972,True
52,200,0.28,0.88,90,1311.552784108601,10.404306356513942,0.5202153178256972,True
52,200,0.28,0.92,30,687.2944027177643,10.404306356513942,0.5202153178256972,True
52,200,0.28,0.92,45,843.3589980654735,10.404306356513942,0.5202153178256972,True
52,200,0.28,0.92,60,999.4235934131827,10.404306356513942,0.5202153178256972,True
52,200,0.28,0.92,75,1155.4881887608917,10.404306356513942,0.5202153178256972,True
52,200,0.28,0.92,90,1311.552784108601,10.404306356513942,0.5202153178256972,True
52,200,0.28,0.96,30,687.2944027177643,10.404306356513942,0.5202153178256972,True
52,200,0.28,0.96,45,843.3589980654735,10.404306356513942,0.5202153178256972,True
52,200,0.28,0.96,60,999.4235934131827,10.404306356513942,0.5202153178256972,True
52,200,0.28,0.96,75,1155.4881887608917,10.404306356513942,0.5202153178256972,True
52,200,0.28,0.96,90,1311.552784108601,10.404306356513942,0.5202153178256972,True
54,100,0.12,0.88,30,730.3975704854385,11.84107861543641,0.5920539307718207,True
54,100,0.12,0.88,45,908.0137497169845,11.84107861543641,0.5920539307718207,True
54,100,0.12,0.88,60,1085.6299289485307,11.84107861543641,0.5920539307718207,True
54,100,0.12,0.88,75,1263.246108180077,11.84107861543641,0.5920539307718207,True
54,100,0.12,0.88,90,1440.862287411623,11.84107861543641,0.5920539307718207,True
54,100,0.12,0.92,30,730.3975704854385,11.84107861543641,0.5920539307718207,True
54,100,0.12,0.92,45,908.0137497169845,11.84107861543641,0.5920539307718207,True
54,100,0.12,0.92,60,1085.6299289485307,11.84107861543641,0.5920539307718207,True
54,100,0.12,0.92,75,1263.246108180077,11.84107861543641,0.5920539307718207,True
54,100,0.12,0.92,90,1440.862287411623,11.84107861543641,0.5920539307718207,True
54,100,0.12,0.96,30,730.3975704854385,11.84107861543641,0.5920539307718207,True
54,100,0.12,0.96,45,908.0137497169845,11.84107861543641,0.5920539307718207,True
54,100,0.12,0.96,60,1085.6299289485307,11.84107861543641,0.5920539307718207,True
54,100,0.12,0.96,75,1263.246108180077,11.84107861543641,0.5920539307718207,True
54,100,0.12,0.96,90,1440.862287411623,11.84107861543641,0.5920539307718207,True
54,100,0.16,0.88,30,716.4651773235747,11.376665510040956,0.5688332755020479,True
54,100,0.16,0.88,45,887.115159974189,11.376665510040956,0.5688332755020479,True
54,100,0.16,0.88,60,1057.7651426248037,11.376665510040956,0.5688332755020479,True
54,100,0.16,0.88,75,1228.4151252754177,11.376665510040956,0.5688332755020479,True
54,100,0.16,0.88,90,1399.0651079260322,11.376665510040956,0.5688332755020479,True
54,100,0.16,0.92,30,716.4651773235747,11.376665510040956,0.5688332755020479,True
54,100,0.16,0.92,45,887.115159974189,11.376665510040956,0.5688332755020479,True
54,100,0.16,0.92,60,1057.7651426248037,11.376665510040956,0.5688332755020479,True
54,100,0.16,0.92,75,1228.4151252754177,11.376665510040956,0.5688332755020479,True
54,100,0.16,0.92,90,1399.0651079260322,11.376665510040956,0.5688332755020479,True
54,100,0.16,0.96,30,716.4651773235747,11.376665510040956,0.5688332755020479,True
54,100,0.16,0.96,45,887.115159974189,11.376665510040956,0.5688332755020479,True
54,100,0.16,0.96,60,1057.7651426248037,11.376665510040956,0.5688332755020479,True
54,100,0.16,0.96,75,1228.4151252754177,11.376665510040956,0.5688332755020479,True
54,100,0.16,0.96,90,1399.0651079260322,11.376665510040956,0.5688332755020479,True
54,100,0.2,0.88,30,708.1057414264567,11.098017646803687,0.5549008823401843,True
54,100,0.2,0.88,45,874.576006128512,11.098017646803687,0.5549008823401843,True
54,100,0.2,0.88,60,1041.0462708305672,11.098017646803687,0.5549008823401843,True
54,100,0.2,0.88,75,1207.5165355326226,11.098017646803687,0.5549008823401843,True
54,100,0.2,0.88,90,1373.9868002346777,11.098017646803687,0.5549008823401843,True
54,100,0.2,0.92,30,708.1057414264567,11.098017646803687,0.5549008823401843,True
54,100,0.2,0.92,45,874.576006128512,11.098017646803687,0.5549008823401843,True
54,100,0.2,0.92,60,1041.0462708305672,11.098017646803687,0.5549008823401843,True
54,100,0.2,0.92,75,1207.5165355326226,11.098017646803687,0.5549008823401843,True
54,100,0.2,0.92,90,1373.9868002346777,11.098017646803687,0.5549008823401843,True
54,100,0.2,0.96,30,708.1057414264567,11.098017646803687,0.5549008823401843,True
54,100,0.2,0.96,45,874.576006128512,11.098017646803687,0.5549008823401843,True
54,100,0.2,0.96,60,1041.0462708305672,11.098017646803687,0.5549008823401843,True
54,100,0.2,0.96,75,1207.5165355326226,11.098017646803687,0.5549008823401843,True
54,100,0.2,0.96,90,1373.9868002346777,11.098017646803687,0.5549008823401843,True
54,100,0.24,0.88,30,702.5327841617113,10.912252404645505,0.5456126202322753,True
54,100,0.24,0.88,45,866.2165702313939,10.912252404645505,0.5456126202322753,True
54,100,0.24,0.88,60,1029.9003563010763,10.912252404645505,0.5456126202322753,True
54,100,0.24,0.88,75,1193.5841423707589,10.912252404645505,0.5456126202322753,True
54,100,0.24,0.88,90,1357.2679284404417,10.912252404645505,0.5456126202322753,True
54,100,0.24,0.92,30,702.5327841617113,10.912252404645505,0.5456126202322753,True
54,100,0.24,0.92,45,866.2165702313939,10.912252404645505,0.5456126202322753,True
54,100,0.24,0.92,60,1029.9003563010763,10.912252404645505,0.5456126202322753,True
54,100,0.24,0.92,75,1193.5841423707589,10.912252404645505,0.5456126202322753,True
54,100,0.24,0.92,90,1357.2679284404417,10.912252404645505,0.5456126202322753,True
54,100,0.24,0.96,30,702.5327841617113,10.912252404645505,0.5456126202322753,True
54,100,0.24,0.96,45,866.2165702313939,10.912252404645505,0.5456126202322753,True
54,100,0.24,0.96,60,1029.9003563010763,10.912252404645505,0.5456126202322753,True
54,100,0.24,0.96,75,1193.5841423707589,10.912252404645505,0.5456126202322753,True
54,100,0.24,0.96,90,1357.2679284404417,10.912252404645505,0.5456126202322753,True
54,100,0.28,0.88,30,698.5521004011788,10.779562945961091,0.5389781472980546,True
54,100,0.28,0.88,45,860.2455445905952,10.779562945961091,0.5389781472980546,True
54,100,0.28,0.88,60,1021.9389887800116,10.779562945961091,0.5389781472980546,True
54,100,0.28,0.88,75,1183.632432969428,10.779562945961091,0.5389781472980546,True
54,100,0.28,0.88,90,1345.3258771588444,10.779562945961091,0.5389781472980546,True
54,100,0.28,0.92,30,698.5521004011788,10.779562945961091,0.5389781472980546,True
54,100,0.28,0.92,45,860.2455445905952,10.779562945961091,0.5389781472980546,True
54,100,0.28,0.92,60,1021.9389887800116,10.779562945961091,0.5389781472980546,True
54,100,0.28,0.92,75,1183.632432969428,10.779562945961091,0.5389781472980546,True
54,100,0.28,0.92,90,1345.3258771588444,10.779562945961091,0.5389781472980546,True
54,100,0.28,0.96,30,698.5521004011788,10.779562945961091,0.5389781472980546,True
54,100,0.28,0.96,45,860.2455445905952,10.779562945961091,0.5389781472980546,True
54,100,0.28,0.96,60,1021.9389887800116,10.779562945961091,0.5389781472980546,True
54,100,0.28,0.96,75,1183.632432969428,10.779562945961091,0.5389781472980546,True
54,100,0.28,0.96,90,1345.3258771588444,10.779562945961091,0.5389781472980546,True
54,125,0.12,0.88,30,730.3975704854385,11.84107861543641,0.5920539307718207,True
54,125,0.12,0.88,45,908.0137497169845,11.84107861543641,0.5920539307718207,True
54,125,0.12,0.88,60,1085.6299289485307,11.84107861543641,0.5920539307718207,True
54,125,0.12,0.88,75,1263.246108180077,11.84107861543641,0.5920539307718207,True
54,125,0.12,0.88,90,1440.862287411623,11.84107861543641,0.5920539307718207,True
54,125,0.12,0.92,30,730.3975704854385,11.84107861543641,0.5920539307718207,True
54,125,0.12,0.92,45,908.0137497169845,11.84107861543641,0.5920539307718207,True
54,125,0.12,0.92,60,1085.6299289485307,11.84107861543641,0.5920539307718207,True
54,125,0.12,0.92,75,1263.246108180077,11.84107861543641,0.5920539307718207,True
54,125,0.12,0.92,90,1440.862287411623,11.84107861543641,0.5920539307718207,True
54,125,0.12,0.96,30,730.3975704854385,11.84107861543641,0.5920539307718207,True
54,125,0.12,0.96,45,908.0137497169845,11.84107861543641,0.5920539307718207,True
54,125,0.12,0.96,60,1085.6299289485307,11.84107861543641,0.5920539307718207,True
54,125,0.12,0.96,75,1263.246108180077,11.84107861543641,0.5920539307718207,True
54,125,0.12,0.96,90,1440.862287411623,11.84107861543641,0.5920539307718207,True
54,125,0.16,0.88,30,716.4651773235747,11.376665510040956,0.5688332755020479,True
54,125,0.16,0.88,45,887.115159974189,11.376665510040956,0.5688332755020479,True
54,125,0.16,0.88,60,1057.7651426248037,11.376665510040956,0.5688332755020479,True
54,125,0.16,0.88,75,1228.4151252754177,11.376665510040956,0.5688332755020479,True
54,125,0.16,0.88,90,1399.0651079260322,11.376665510040956,0.5688332755020479,True
54,125,0.16,0.92,30,716.4651773235747,11.376665510040956,0.5688332755020479,True
54,125,0.16,0.92,45,887.115159974189,11.376665510040956,0.5688332755020479,True
54,125,0.16,0.92,60,1057.7651426248037,11.376665510040956,0.5688332755020479,True
54,125,0.16,0.92,75,1228.4151252754177,11.376665510040956,0.5688332755020479,True
54,125,0.16,0.92,90,1399.0651079260322,11.376665510040956,0.5688332755020479,True
54,125,0.16,0.96,30,716.4651773235747,11.376665510040956,0.5688332755020479,True
54,125,0.16,0.96,45,887.115159974189,11.376665510040956,0.5688332755020479,True
54,125,0.16,0.96,60,1057.7651426248037,11.376665510040956,0.5688332755020479,True
54,125,0.16,0.96,75,1228.4151252754177,11.376665510040956,0.5688332755020479,True
54,125,0.16,0.96,90,1399.0651079260322,11.376665510040956,0.5688332755020479,True
54,125,0.2,0.88,30,708.1057414264567,11.098017646803687,0.5549008823401843,True
54,125,0.2,0.88,45,874.576006128512,11.098017646803687,0.5549008823401843,True
54,125,0.2,0.88,60,1041.0462708305672,11.098017646803687,0.5549008823401843,True
54,125,0.2,0.88,75,1207.5165355326226,11.098017646803687,0.5549008823401843,True
54,125,0.2,0.88,90,1373.9868002346777,11.098017646803687,0.5549008823401843,True
54,125,0.2,0.92,30,708.1057414264567,11.098017646803687,0.5549008823401843,True
54,125,0.2,0.92,45,874.576006128512,11.098017646803687,0.5549008823401843,True
54,125,0.2,0.92,60,1041.0462708305672,11.098017646803687,0.5549008823401843,True
54,125,0.2,0.92,75,1207.5165355326226,11.098017646803687,0.5549008823401843,True
54,125,0.2,0.92,90,1373.9868002346777,11.098017646803687,0.5549008823401843,True
54,125,0.2,0.96,30,708.1057414264567,11.098017646803687,0.5549008823401843,True
54,125,0.2,0.96,45,874.576006128512,11.098017646803687,0.5549008823401843,True
54,125,0.2,0.96,60,1041.0462708305672,11.098017646803687,0.5549008823401843,True
54,125,0.2,0.96,75,1207.5165355326226,11.098017646803687,0.5549008823401843,True
54,125,0.2,0.96,90,1373.9868002346777,11.098017646803687,0.5549008823401843,True
54,125,0.24,0.88,30,702.5327841617113,10.912252404645505,0.5456126202322753,True
54,125,0.24,0.88,45,866.2165702313939,10.912252404645505,0.5456126202322753,True
54,125,0.24,0.88,60,1029.9003563010763,10.912252404645505,0.5456126202322753,True
54,125,0.24,0.88,75,1193.5841423707589,10.912252404645505,0.5456126202322753,True
54,125,0.24,0.88,90,1357.2679284404417,10.912252404645505,0.5456126202322753,True
54,125,0.24,0.92,30,702.5327841617113,10.912252404645505,0.5456126202322753,True
54,125,0.24,0.92,45,866.2165702313939,10.912252404645505,0.5456126202322753,True
54,125,0.24,0.92,60,1029.9003563010763,10.912252404645505,0.5456126202322753,True
54,125,0.24,0.92,75,1193.5841423707589,10.912252404645505,0.5456126202322753,True
54,125,0.24,0.92,90,1357.2679284404417,10.912252404645505,0.5456126202322753,True
54,125,0.24,0.96,30,702.5327841617113,10.912252404645505,0.5456126202322753,True
54,125,0.24,0.96,45,866.2165702313939,10.912252404645505,0.5456126202322753,True
54,125,0.24,0.96,60,1029.9003563010763,10.912252404645505,0.5456126202322753,True
54,125,0.24,0.96,75,1193.5841423707589,10.912252404645505,0.5456126202322753,True
54,125,0.24,0.96,90,1357.2679284404417,10.912252404645505,0.5456126202322753,True
54,125,0.28,0.88,30,698.5521004011788,10.779562945961091,0.5389781472980546,True
54,125,0.28,0.88,45,860.2455445905952,10.779562945961091,0.5389781472980546,True
54,125,0.28,0.88,60,1021.9389887800116,10.779562945961091,0.5389781472980546,True
54,125,0.28,0.88,75,1183.632432969428,10.779562945961091,0.5389781472980546,True
54,125,0.28,0.88,90,1345.3258771588444,10.779562945961091,0.5389781472980546,True
54,125,0.28,0.92,30,698.5521004011788,10.779562945961091,0.5389781472980546,True
54,125,0.28,0.92,45,860.2455445905952,10.779562945961091,0.5389781472980546,True
54,125,0.28,0.92,60,1021.9389887800116,10.779562945961091,0.5389781472980546,True
54,125,0.28,0.92,75,1183.632432969428,10.779562945961091,0.5389781472980546,True
54,125,0.28,0.92,90,1345.3258771588444,10.779562945961091,0.5389781472980546,True
54,125,0.28,0.96,30,698.5521004011788,10.779562945961091,0.5389781472980546,True
54,125,0.28,0.96,45,860.2455445905952,10.779562945961091,0.5389781472980546,True
54,125,0.28,0.96,60,1021.9389887800116,10.779562945961091,0.5389781472980546,True
54,125,0.28,0.96,75,1183.632432969428,10.779562945961091,0.5389781472980546,True
54,125,0.28,0.96,90,1345.3258771588444,10.779562945961091,0.5389781472980546,True
54,150,0.12,0.88,30,730.3975704854385,11.84107861543641,0.5920539307718207,True
54,150,0.12,0.88,45,908.0137497169845,11.84107861543641,0.5920539307718207,True
54,150,0.12,0.88,60,1085.6299289485307,11.84107861543641,0.5920539307718207,True
54,150,0.12,0.88,75,1263.246108180077,11.84107861543641,0.5920539307718207,True
54,150,0.12,0.88,90,1440.862287411623,11.84107861543641,0.5920539307718207,True
54,150,0.12,0.92,30,730.3975704854385,11.84107861543641,0.5920539307718207,True
54,150,0.12,0.92,45,908.0137497169845,11.84107861543641,0.5920539307718207,True
54,150,0.12,0.92,60,1085.6299289485307,11.84107861543641,0.5920539307718207,True
54,150,0.12,0.92,75,1263.246108180077,11.84107861543641,0.5920539307718207,True
54,150,0.12,0.92,90,1440.862287411623,11.84107861543641,0.5920539307718207,True
54,150,0.12,0.96,30,730.3975704854385,11.84107861543641,0.5920539307718207,True
54,150,0.12,0.96,45,908.0137497169845,11.84107861543641,0.5920539307718207,True
54,150,0.12,0.96,60,1085.6299289485307,11.84107861543641,0.5920539307718207,True
54,150,0.12,0.96,75,1263.246108180077,11.84107861543641,0.5920539307718207,True
54,150,0.12,0.96,90,1440.862287411623,11.84107861543641,0.5920539307718207,True
54,150,0.16,0.88,30,716.4651773235747,11.376665510040956,0.5688332755020479,True
54,150,0.16,0.88,45,887.115159974189,11.376665510040956,0.5688332755020479,True
54,150,0.16,0.88,60,1057.7651426248037,11.376665510040956,0.5688332755020479,True
54,150,0.16,0.88,75,1228.4151252754177,11.376665510040956,0.5688332755020479,True
54,150,0.16,0.88,90,1399.0651079260322,11.376665510040956,0.5688332755020479,True
54,150,0.16,0.92,30,716.4651773235747,11.376665510040956,0.5688332755020479,True
54,150,0.16,0.92,45,887.115159974189,11.376665510040956,0.5688332755020479,True
54,150,0.16,0.92,60,1057.7651426248037,11.376665510040956,0.5688332755020479,True
54,150,0.16,0.92,75,1228.4151252754177,11.376665510040956,0.5688332755020479,True
54,150,0.16,0.92,90,1399.0651079260322,11.376665510040956,0.5688332755020479,True
54,150,0.16,0.96,30,716.4651773235747,11.376665510040956,0.5688332755020479,True
54,150,0.16,0.96,45,887.115159974189,11.376665510040956,0.5688332755020479,True
54,150,0.16,0.96,60,1057.7651426248037,11.376665510040956,0.5688332755020479,True
54,150,0.16,0.96,75,1228.4151252754177,11.376665510040956,0.5688332755020479,True
54,150,0.16,0.96,90,1399.0651079260322,11.376665510040956,0.5688332755020479,True
54,150,0.2,0.88,30,708.1057414264567,11.098017646803687,0.5549008823401843,True
54,150,0.2,0.88,45,874.576006128512,11.098017646803687,0.5549008823401843,True
54,150,0.2,0.88,60,1041.0462708305672,11.098017646803687,0.5549008823401843,True
54,150,0.2,0.88,75,1207.5165355326226,11.098017646803687,0.5549008823401843,True
54,150,0.2,0.88,90,1373.9868002346777,11.098017646803687,0.5549008823401843,True
54,150,0.2,0.92,30,708.1057414264567,11.098017646803687,0.5549008823401843,True
54,150,0.2,0.92,45,874.576006128512,11.098017646803687,0.5549008823401843,True
54,150,0.2,0.92,60,1041.0462708305672,11.098017646803687,0.5549008823401843,True
54,150,0.2,0.92,75,1207.5165355326226,11.098017646803687,0.5549008823401843,True
54,150,0.2,0.92,90,1373.9868002346777,11.098017646803687,0.5549008823401843,True
54,150,0.2,0.96,30,708.1057414264567,11.098017646803687,0.5549008823401843,True
54,150,0.2,0.96,45,874.576006128512,11.098017646803687,0.5549008823401843,True
54,150,0.2,0.96,60,1041.0462708305672,11.098017646803687,0.5549008823401843,True
54,150,0.2,0.96,75,1207.5165355326226,11.098017646803687,0.5549008823401843,True
54,150,0.2,0.96,90,1373.9868002346777,11.098017646803687,0.5549008823401843,True
54,150,0.24,0.88,30,702.5327841617113,10.912252404645505,0.5456126202322753,True
54,150,0.24,0.88,45,866.2165702313939,10.912252404645505,0.5456126202322753,True
54,150,0.24,0.88,60,1029.9003563010763,10.912252404645505,0.5456126202322753,True
54,150,0.24,0.88,75,1193.5841423707589,10.912252404645505,0.5456126202322753,True
54,150,0.24,0.88,90,1357.2679284404417,10.912252404645505,0.5456126202322753,True
54,150,0.24,0.92,30,702.5327841617113,10.912252404645505,0.5456126202322753,True
54,150,0.24,0.92,45,866.2165702313939,10.912252404645505,0.5456126202322753,True
54,150,0.24,0.92,60,1029.9003563010763,10.912252404645505,0.5456126202322753,True
54,150,0.24,0.92,75,1193.5841423707589,10.912252404645505,0.5456126202322753,True
54,150,0.24,0.92,90,1357.2679284404417,10.912252404645505,0.5456126202322753,True
54,150,0.24,0.96,30,702.5327841617113,10.912252404645505,0.5456126202322753,True
54,150,0.24,0.96,45,866.2165702313939,10.912252404645505,0.5456126202322753,True
54,150,0.24,0.96,60,1029.9003563010763,10.912252404645505,0.5456126202322753,True
54,150,0.24,0.96,75,1193.5841423707589,10.912252404645505,0.5456126202322753,True
54,150,0.24,0.96,90,1357.2679284404417,10.912252404645505,0.5456126202322753,True
54,150,0.28,0.88,30,698.5521004011788,10.779562945961091,0.5389781472980546,True
54,150,0.28,0.88,45,860.2455445905952,10.779562945961091,0.5389781472980546,True
54,150,0.28,0.88,60,1021.9389887800116,10.779562945961091,0.5389781472980546,True
54,150,0.28,0.88,75,1183.632432969428,10.779562945961091,0.5389781472980546,True
54,150,0.28,0.88,90,1345.3258771588444,10.779562945961091,0.5389781472980546,True
54,150,0.28,0.92,30,698.5521004011788,10.779562945961091,0.5389781472980546,True
54,150,0.28,0.92,45,860.2455445905952,10.779562945961091,0.5389781472980546,True
54,150,0.28,0.92,60,1021.9389887800116,10.779562945961091,0.5389781472980546,True
54,150,0.28,0.92,75,1183.632432969428,10.779562945961091,0.5389781472980546,True
54,150,0.28,0.92,90,1345.3258771588444,10.779562945961091,0.5389781472980546,True
54,150,0.28,0.96,30,698.5521004011788,10.779562945961091,0.5389781472980546,True
54,150,0.28,0.96,45,860.2455445905952,10.779562945961091,0.5389781472980546,True
54,150,0.28,0.96,60,1021.9389887800116,10.779562945961091,0.5389781472980546,True
54,150,0.28,0.96,75,1183.632432969428,10.779562945961091,0.5389781472980546,True
54,150,0.28,0.96,90,1345.3258771588444,10.779562945961091,0.5389781472980546,True
54,175,0.12,0.88,30,730.3975704854385,11.84107861543641,0.5920539307718207,True
54,175,0.12,0.88,45,908.0137497169845,11.84107861543641,0.5920539307718207,True
54,175,0.12,0.88,60,1085.6299289485307,11.84107861543641,0.5920539307718207,True
54,175,0.12,0.88,75,1263.246108180077,11.84107861543641,0.5920539307718207,True
54,175,0.12,0.88,90,1440.862287411623,11.84107861543641,0.5920539307718207,True
54,175,0.12,0.92,30,730.3975704854385,11.84107861543641,0.5920539307718207,True
54,175,0.12,0.92,45,908.0137497169845,11.84107861543641,0.5920539307718207,True
54,175,0.12,0.92,60,1085.6299289485307,11.84107861543641,0.5920539307718207,True
54,175,0.12,0.92,75,1263.246108180077,11.84107861543641,0.5920539307718207,True
54,175,0.12,0.92,90,1440.862287411623,11.84107861543641,0.5920539307718207,True
54,175,0.12,0.96,30,730.3975704854385,11.84107861543641,0.5920539307718207,True
54,175,0.12,0.96,45,908.0137497169845,11.84107861543641,0.5920539307718207,True
54,175,0.12,0.96,60,1085.6299289485307,11.84107861543641,0.5920539307718207,True
54,175,0.12,0.96,75,1263.246108180077,11.84107861543641,0.5920539307718207,True
54,175,0.12,0.96,90,1440.862287411623,11.84107861543641,0.5920539307718207,True
54,175,0.16,0.88,30,716.4651773235747,11.376665510040956,0.5688332755020479,True
54,175,0.16,0.88,45,887.115159974189,11.376665510040956,0.5688332755020479,True
54,175,0.16,0.88,60,1057.7651426248037,11.376665510040956,0.5688332755020479,True
54,175,0.16,0.88,75,1228.4151252754177,11.376665510040956,0.5688332755020479,True
54,175,0.16,0.88,90,1399.0651079260322,11.376665510040956,0.5688332755020479,True
54,175,0.16,0.92,30,716.4651773235747,11.376665510040956,0.5688332755020479,True
54,175,0.16,0.92,45,887.115159974189,11.376665510040956,0.5688332755020479,True
54,175,0.16,0.92,60,1057.7651426248037,11.376665510040956,0.5688332755020479,True
54,175,0.16,0.92,75,1228.4151252754177,11.376665510040956,0.5688332755020479,True
54,175,0.16,0.92,90,1399.0651079260322,11.376665510040956,0.5688332755020479,True
54,175,0.16,0.96,30,716.4651773235747,11.376665510040956,0.5688332755020479,True
54,175,0.16,0.96,45,887.115159974189,11.376665510040956,0.5688332755020479,True
54,175,0.16,0.96,60,1057.7651426248037,11.376665510040956,0.5688332755020479,True
54,175,0.16,0.96,75,1228.4151252754177,11.376665510040956,0.5688332755020479,True
54,175,0.16,0.96,90,1399.0651079260322,11.376665510040956,0.5688332755020479,True
54,175,0.2,0.88,30,708.1057414264567,11.098017646803687,0.5549008823401843,True
54,175,0.2,0.88,45,874.576006128512,11.098017646803687,0.5549008823401843,True
54,175,0.2,0.88,60,1041.0462708305672,11.098017646803687,0.5549008823401843,True
54,175,0.2,0.88,75,1207.5165355326226,11.098017646803687,0.5549008823401843,True
54,175,0.2,0.88,90,1373.9868002346777,11.098017646803687,0.5549008823401843,True
54,175,0.2,0.92,30,708.1057414264567,11.098017646803687,0.5549008823401843,True
54,175,0.2,0.92,45,874.576006128512,11.098017646803687,0.5549008823401843,True
54,175,0.2,0.92,60,1041.0462708305672,11.098017646803687,0.5549008823401843,True
54,175,0.2,0.92,75,1207.5165355326226,11.098017646803687,0.5549008823401843,True
54,175,0.2,0.92,90,1373.9868002346777,11.098017646803687,0.5549008823401843,True
54,175,0.2,0.96,30,708.1057414264567,11.098017646803687,0.5549008823401843,True
54,175,0.2,0.96,45,874.576006128512,11.098017646803687,0.5549008823401843,True
54,175,0.2,0.96,60,1041.0462708305672,11.098017646803687,0.5549008823401843,True
54,175,0.2,0.96,75,1207.5165355326226,11.098017646803687,0.5549008823401843,True
54,175,0.2,0.96,90,1373.9868002346777,11.098017646803687,0.5549008823401843,True
54,175,0.24,0.88,30,702.5327841617113,10.912252404645505,0.5456126202322753,True
54,175,0.24,0.88,45,866.2165702313939,10.912252404645505,0.5456126202322753,True
54,175,0.24,0.88,60,1029.9003563010763,10.912252404645505,0.5456126202322753,True
54,175,0.24,0.88,75,1193.5841423707589,10.912252404645505,0.5456126202322753,True
54,175,0.24,0.88,90,1357.2679284404417,10.912252404645505,0.5456126202322753,True
54,175,0.24,0.92,30,702.5327841617113,10.912252404645505,0.5456126202322753,True
54,175,0.24,0.92,45,866.2165702313939,10.912252404645505,0.5456126202322753,True
54,175,0.24,0.92,60,1029.9003563010763,10.912252404645505,0.5456126202322753,True
54,175,0.24,0.92,75,1193.5841423707589,10.912252404645505,0.5456126202322753,True
54,175,0.24,0.92,90,1357.2679284404417,10.912252404645505,0.5456126202322753,True
54,175,0.24,0.96,30,702.5327841617113,10.912252404645505,0.5456126202322753,True
54,175,0.24,0.96,45,866.2165702313939,10.912252404645505,0.5456126202322753,True
54,175,0.24,0.96,60,1029.9003563010763,10.912252404645505,0.5456126202322753,True
54,175,0.24,0.96,75,1193.5841423707589,10.912252404645505,0.5456126202322753,True
54,175,0.24,0.96,90,1357.2679284404417,10.912252404645505,0.5456126202322753,True
54,175,0.28,0.88,30,698.5521004011788,10.779562945961091,0.5389781472980546,True
54,175,0.28,0.88,45,860.2455445905952,10.779562945961091,0.5389781472980546,True
54,175,0.28,0.88,60,1021.9389887800116,10.779562945961091,0.5389781472980546,True
54,175,0.28,0.88,75,1183.632432969428,10.779562945961091,0.5389781472980546,True
54,175,0.28,0.88,90,1345.3258771588444,10.779562945961091,0.5389781472980546,True
54,175,0.28,0.92,30,698.5521004011788,10.779562945961091,0.5389781472980546,True
54,175,0.28,0.92,45,860.2455445905952,10.779562945961091,0.5389781472980546,True
54,175,0.28,0.92,60,1021.9389887800116,10.779562945961091,0.5389781472980546,True
54,175,0.28,0.92,75,1183.632432969428,10.779562945961091,0.5389781472980546,True
54,175,0.28,0.92,90,1345.3258771588444,10.779562945961091,0.5389781472980546,True
54,175,0.28,0.96,30,698.5521004011788,10.779562945961091,0.5389781472980546,True
54,175,0.28,0.96,45,860.2455445905952,10.779562945961091,0.5389781472980546,True
54,175,0.28,0.96,60,1021.9389887800116,10.779562945961091,0.5389781472980546,True
54,175,0.28,0.96,75,1183.632432969428,10.779562945961091,0.5389781472980546,True
54,175,0.28,0.96,90,1345.3258771588444,10.779562945961091,0.5389781472980546,True
54,200,0.12,0.88,30,730.3975704854385,11.84107861543641,0.5920539307718207,True
54,200,0.12,0.88,45,908.0137497169845,11.84107861543641,0.5920539307718207,True
54,200,0.12,0.88,60,1085.6299289485307,11.84107861543641,0.5920539307718207,True
54,200,0.12,0.88,75,1263.246108180077,11.84107861543641,0.5920539307718207,True
54,200,0.12,0.88,90,1440.862287411623,11.84107861543641,0.5920539307718207,True
54,200,0.12,0.92,30,730.3975704854385,11.84107861543641,0.5920539307718207,True
54,200,0.12,0.92,45,908.0137497169845,11.84107861543641,0.5920539307718207,True
54,200,0.12,0.92,60,1085.6299289485307,11.84107861543641,0.5920539307718207,True
54,200,0.12,0.92,75,1263.246108180077,11.84107861543641,0.5920539307718207,True
54,200,0.12,0.92,90,1440.862287411623,11.84107861543641,0.5920539307718207,True
54,200,0.12,0.96,30,730.3975704854385,11.84107861543641,0.5920539307718207,True
54,200,0.12,0.96,45,908.0137497169845,11.84107861543641,0.5920539307718207,True
54,200,0.12,0.96,60,1085.6299289485307,11.84107861543641,0.5920539307718207,True
54,200,0.12,0.96,75,1263.246108180077,11.84107861543641,0.5920539307718207,True
54,200,0.12,0.96,90,1440.862287411623,11.84107861543641,0.5920539307718207,True
54,200,0.16,0.88,30,716.4651773235747,11.376665510040956,0.5688332755020479,True
54,200,0.16,0.88,45,887.115159974189,11.376665510040956,0.5688332755020479,True
54,200,0.16,0.88,60,1057.7651426248037,11.376665510040956,0.5688332755020479,True
54,200,0.16,0.88,75,1228.4151252754177,11.376665510040956,0.5688332755020479,True
54,200,0.16,0.88,90,1399.0651079260322,11.376665510040956,0.5688332755020479,True
54,200,0.16,0.92,30,716.4651773235747,11.376665510040956,0.5688332755020479,True
54,200,0.16,0.92,45,887.115159974189,11.376665510040956,0.5688332755020479,True
54,200,0.16,0.92,60,1057.7651426248037,11.376665510040956,0.5688332755020479,True
54,200,0.16,0.92,75,1228.4151252754177,11.376665510040956,0.5688332755020479,True
54,200,0.16,0.92,90,1399.0651079260322,11.376665510040956,0.5688332755020479,True
54,200,0.16,0.96,30,716.4651773235747,11.376665510040956,0.5688332755020479,True
54,200,0.16,0.96,45,887.115159974189,11.376665510040956,0.5688332755020479,True
54,200,0.16,0.96,60,1057.7651426248037,11.376665510040956,0.5688332755020479,True
54,200,0.16,0.96,75,1228.4151252754177,11.376665510040956,0.5688332755020479,True
54,200,0.16,0.96,90,1399.0651079260322,11.376665510040956,0.5688332755020479,True
54,200,0.2,0.88,30,708.1057414264567,11.098017646803687,0.5549008823401843,True
54,200,0.2,0.88,45,874.576006128512,11.098017646803687,0.5549008823401843,True
54,200,0.2,0.88,60,1041.0462708305672,11.098017646803687,0.5549008823401843,True
54,200,0.2,0.88,75,1207.5165355326226,11.098017646803687,0.5549008823401843,True
54,200,0.2,0.88,90,1373.9868002346777,11.098017646803687,0.5549008823401843,True
54,200,0.2,0.92,30,708.1057414264567,11.098017646803687,0.5549008823401843,True
54,200,0.2,0.92,45,874.576006128512,11.098017646803687,0.5549008823401843,True
54,200,0.2,0.92,60,1041.0462708305672,11.098017646803687,0.5549008823401843,True
54,200,0.2,0.92,75,1207.5165355326226,11.098017646803687,0.5549008823401843,True
54,200,0.2,0.92,90,1373.9868002346777,11.098017646803687,0.5549008823401843,True
54,200,0.2,0.96,30,708.1057414264567,11.098017646803687,0.5549008823401843,True
54,200,0.2,0.96,45,874.576006128512,11.098017646803687,0.5549008823401843,True
54,200,0.2,0.96,60,1041.0462708305672,11.098017646803687,0.5549008823401843,True
54,200,0.2,0.96,75,1207.5165355326226,11.098017646803687,0.5549008823401843,True
54,200,0.2,0.96,90,1373.9868002346777,11.098017646803687,0.5549008823401843,True
54,200,0.24,0.88,30,702.5327841617113,10.912252404645505,0.5456126202322753,True
54,200,0.24,0.88,45,866.2165702313939,10.912252404645505,0.5456126202322753,True
54,200,0.24,0.88,60,1029.9003563010763,10.912252404645505,0.5456126202322753,True
54,200,0.24,0.88,75,1193.5841423707589,10.912252404645505,0.5456126202322753,True
54,200,0.24,0.88,90,1357.2679284404417,10.912252404645505,0.5456126202322753,True
54,200,0.24,0.92,30,702.5327841617113,10.912252404645505,0.5456126202322753,True
54,200,0.24,0.92,45,866.2165702313939,10.912252404645505,0.5456126202322753,True
54,200,0.24,0.92,60,1029.9003563010763,10.912252404645505,0.5456126202322753,True
54,200,0.24,0.92,75,1193.5841423707589,10.912252404645505,0.5456126202322753,True
54,200,0.24,0.92,90,1357.2679284404417,10.912252404645505,0.5456126202322753,True
54,200,0.24,0.96,30,702.5327841617113,10.912252404645505,0.5456126202322753,True
54,200,0.24,0.96,45,866.2165702313939,10.912252404645505,0.5456126202322753,True
54,200,0.24,0.96,60,1029.9003563010763,10.912252404645505,0.5456126202322753,True
54,200,0.24,0.96,75,1193.5841423707589,10.912252404645505,0.5456126202322753,True
54,200,0.24,0.96,90,1357.2679284404417,10.912252404645505,0.5456126202322753,True
54,200,0.28,0.88,30,698.5521004011788,10.779562945961091,0.5389781472980546,True
54,200,0.28,0.88,45,860.2455445905952,10.779562945961091,0.5389781472980546,True
54,200,0.28,0.88,60,1021.9389887800116,10.779562945961091,0.5389781472980546,True
54,200,0.28,0.88,75,1183.632432969428,10.779562945961091,0.5389781472980546,True
54,200,0.28,0.88,90,1345.3258771588444,10.779562945961091,0.5389781472980546,True
54,200,0.28,0.92,30,698.5521004011788,10.779562945961091,0.5389781472980546,True
54,200,0.28,0.92,45,860.2455445905952,10.779562945961091,0.5389781472980546,True
54,200,0.28,0.92,60,1021.9389887800116,10.779562945961091,0.5389781472980546,True
54,200,0.28,0.92,75,1183.632432969428,10.779562945961091,0.5389781472980546,True
54,200,0.28,0.92,90,1345.3258771588444,10.779562945961091,0.5389781472980546,True
54,200,0.28,0.96,30,698.5521004011788,10.779562945961091,0.5389781472980546,True
54,200,0.28,0.96,45,860.2455445905952,10.779562945961091,0.5389781472980546,True
54,200,0.28,0.96,60,1021.9389887800116,10.779562945961091,0.5389781472980546,True
54,200,0.28,0.96,75,1183.632432969428,10.779562945961091,0.5389781472980546,True
54,200,0.28,0.96,90,1345.3258771588444,10.779562945961091,0.5389781472980546,True
56,100,0.12,0.88,30,742.6749871619157,12.250325837985654,0.6125162918992828,True
56,100,0.12,0.88,45,926.4298747317005,12.250325837985654,0.6125162918992828,True
56,100,0.12,0.88,60,1110.1847623014855,12.250325837985654,0.6125162918992828,True
56,100,0.12,0.88,75,1293.9396498712701,12.250325837985654,0.6125162918992828,True
56,100,0.12,0.88,90,1477.694537441055,12.250325837985654,0.6125162918992828,True
56,100,0.12,0.92,30,742.6749871619157,12.250325837985654,0.6125162918992828,True
56,100,0.12,0.92,45,926.4298747317005,12.250325837985654,0.6125162918992828,True
56,100,0.12,0.92,60,1110.1847623014855,12.250325837985654,0.6125162918992828,True
56,100,0.12,0.92,75,1293.9396498712701,12.250325837985654,0.6125162918992828,True
56,100,0.12,0.92,90,1477.694537441055,12.250325837985654,0.6125162918992828,True
56,100,0.12,0.96,30,742.6749871619157,12.250325837985654,0.6125162918992828,True
56,100,0.12,0.96,45,926.4298747317005,12.250325837985654,0.6125162918992828,True
56,100,0.12,0.96,60,1110.1847623014855,12.250325837985654,0.6125162918992828,True
56,100,0.12,0.96,75,1293.9396498712701,12.250325837985654,0.6125162918992828,True
56,100,0.12,0.96,90,1477.694537441055,12.250325837985654,0.6125162918992828,True
56,100,0.16,0.88,30,728.2964669405872,11.771041830608034,0.5885520915304018,True
56,100,0.16,0.88,45,904.8620943997075,11.771041830608034,0.5885520915304018,True
56,100,0.16,0.88,60,1081.4277218588281,11.771041830608034,0.5885520915304018,True
56,100,0.16,0.88,75,1257.9933493179487,11.771041830608034,0.5885520915304018,True
56,100,0.16,0.88,90,1434.5589767770691,11.771041830608034,0.5885520915304018,True
56,100,0.16,0.92,30,728.2964669405872,11.771041830608034,0.5885520915304018,True
56,100,0.16,0.92,45,904.8620943997075,11.771041830608034,0.5885520915304018,True
56,100,0.16,0.92,60,1081.4277218588281,11.771041830608034,0.5885520915304018,True
56,100,0.16,0.92,75,1257.9933493179487,11.771041830608034,0.5885520915304018,True
56,100,0.16,0.92,90,1434.5589767770691,11.771041830608034,0.5885520915304018,True
56,100,0.16,0.96,30,728.2964669405872,11.771041830608034,0.5885520915304018,True
56,100,0.16,0.96,45,904.8620943997075,11.771041830608034,0.5885520915304018,True
56,100,0.16,0.96,60,1081.4277218588281,11.771041830608034,0.5885520915304018,True
56,100,0.16,0.96,75,1257.9933493179487,11.771041830608034,0.5885520915304018,True
56,100,0.16,0.96,90,1434.5589767770691,11.771041830608034,0.5885520915304018,True
56,100,0.2,0.88,30,719.66935480779,11.483471426181463,0.5741735713090733,True
56,100,0.2,0.88,45,891.9214262005121,11.483471426181463,0.5741735713090733,True
56,100,0.2,0.88,60,1064.1734975932338,11.483471426181463,0.5741735713090733,True
56,100,0.2,0.88,75,1236.425568985956,11.483471426181463,0.5741735713090733,True
56,100,0.2,0.88,90,1408.6776403786778,11.483471426181463,0.5741735713090733,True
56,100,0.2,0.92,30,719.66935480779,11.483471426181463,0.5741735713090733,True
56,100,0.2,0.92,45,891.9214262005121,11.483471426181463,0.5741735713090733,True
56,100,0.2,0.92,60,1064.1734975932338,11.483471426181463,0.5741735713090733,True
56,100,0.2,0.92,75,1236.425568985956,11.483471426181463,0.5741735713090733,True
56,100,0.2,0.92,90,1408.6776403786778,11.483471426181463,0.5741735713090733,True
56,100,0.2,0.96,30,719.66935480779,11.483471426181463,0.5741735713090733,True
56,100,0.2,0.96,45,891.9214262005121,11.483471426181463,0.5741735713090733,True
56,100,0.2,0.96,60,1064.1734975932338,11.483471426181463,0.5741735713090733,True
56,100,0.2,0.96,75,1236.425568985956,11.483471426181463,0.5741735713090733,True
56,100,0.2,0.96,90,1408.6776403786778,11.483471426181463,0.5741735713090733,True
56,100,0.24,0.88,30,713.9179467192587,11.291757823230414,0.5645878911615207,True
56,100,0.24,0.88,45,883.2943140677148,11.291757823230414,0.5645878911615207,True
56,100,0.24,0.88,60,1052.670681416171,11.291757823230414,0.5645878911615207,True
56,100,0.24,0.88,75,1222.0470487646273,11.291757823230414,0.5645878911615207,True
56,100,0.24,0.88,90,1391.4234161130835,11.291757823230414,0.5645878911615207,True
56,100,0.24,0.92,30,713.9179467192587,11.291757823230414,0.5645878911615207,True
56,100,0.24,0.92,45,883.2943140677148,11.291757823230414,0.5645878911615207,True
56,100,0.24,0.92,60,1052.670681416171,11.291757823230414,0.5645878911615207,True
56,100,0.24,0.92,75,1222.0470487646273,11.291757823230414,0.5645878911615207,True
56,100,0.24,0.92,90,1391.4234161130835,11.291757823230414,0.5645878911615207,True
56,100,0.24,0.96,30,713.9179467192587,11.291757823230414,0.5645878911615207,True
56,100,0.24,0.96,45,883.2943140677148,11.291757823230414,0.5645878911615207,True
56,100,0.24,0.96,60,1052.670681416171,11.291757823230414,0.5645878911615207,True
56,100,0.24,0.96,75,1222.0470487646273,11.291757823230414,0.5645878911615207,True
56,100,0.24,0.96,90,1391.4234161130835,11.291757823230414,0.5645878911615207,True
56,100,0.28,0.88,30,709.8097980845932,11.154819535408237,0.5577409767704119,True
56,100,0.28,0.88,45,877.1320911157169,11.154819535408237,0.5577409767704119,True
56,100,0.28,0.88,60,1044.4543841468403,11.154819535408237,0.5577409767704119,True
56,100,0.28,0.88,75,1211.776677177964,11.154819535408237,0.5577409767704119,True
56,100,0.28,0.88,90,1379.0989702090874,11.154819535408237,0.5577409767704119,True
56,100,0.28,0.92,30,709.8097980845932,11.154819535408237,0.5577409767704119,True
56,100,0.28,0.92,45,877.1320911157169,11.154819535408237,0.5577409767704119,True
56,100,0.28,0.92,60,1044.4543841468403,11.154819535408237,0.5577409767704119,True
56,100,0.28,0.92,75,1211.776677177964,11.154819535408237,0.5577409767704119,True
56,100,0.28,0.92,90,1379.0989702090874,11.154819535408237,0.5577409767704119,True
56,100,0.28,0.96,30,709.8097980845932,11.154819535408237,0.5577409767704119,True
56,100,0.28,0.96,45,877.1320911157169,11.154819535408237,0.5577409767704119,True
56,100,0.28,0.96,60,1044.4543841468403,11.154819535408237,0.5577409767704119,True
56,100,0.28,0.96,75,1211.776677177964,11.154819535408237,0.5577409767704119,True
56,100,0.28,0.96,90,1379.0989702090874,11.154819535408237,0.5577409767704119,True
56,125,0.12,0.88,30,742.6749871619157,12.250325837985654,0.6125162918992828,True
56,125,0.12,0.88,45,926.4298747317005,12.250325837985654,0.6125162918992828,True
56,125,0.12,0.88,60,1110.1847623014855,12.250325837985654,0.6125162918992828,True
56,125,0.12,0.88,75,1293.9396498712701,12.250325837985654,0.6125162918992828,True
56,125,0.12,0.88,90,1477.694537441055,12.250325837985654,0.6125162918992828,True
56,125,0.12,0.92,30,742.6749871619157,12.250325837985654,0.6125162918992828,True
56,125,0.12,0.92,45,926.4298747317005,12.250325837985654,0.6125162918992828,True
56,125,0.12,0.92,60,1110.1847623014855,12.250325837985654,0.6125162918992828,True
56,125,0.12,0.92,75,1293.9396498712701,12.250325837985654,0.6125162918992828,True
56,125,0.12,0.92,90,1477.694537441055,12.250325837985654,0.6125162918992828,True
56,125,0.12,0.96,30,742.6749871619157,12.250325837985654,0.6125162918992828,True
56,125,0.12,0.96,45,926.4298747317005,12.250325837985654,0.6125162918992828,True
56,125,0.12,0.96,60,1110.1847623014855,12.250325837985654,0.6125162918992828,True
56,125,0.12,0.96,75,1293.9396498712701,12.250325837985654,0.6125162918992828,True
56,125,0.12,0.96,90,1477.694537441055,12.250325837985654,0.6125162918992828,True
56,125,0.16,0.88,30,728.2964669405872,11.771041830608034,0.5885520915304018,True
56,125,0.16,0.88,45,904.8620943997075,11.771041830608034,0.5885520915304018,True
56,125,0.16,0.88,60,1081.4277218588281,11.771041830608034,0.5885520915304018,True
56,125,0.16,0.88,75,1257.9933493179487,11.771041830608034,0.5885520915304018,True
56,125,0.16,0.88,90,1434.5589767770691,11.771041830608034,0.5885520915304018,True
56,125,0.16,0.92,30,728.2964669405872,11.771041830608034,0.5885520915304018,True
56,125,0.16,0.92,45,904.8620943997075,11.771041830608034,0.5885520915304018,True
56,125,0.16,0.92,60,1081.4277218588281,11.771041830608034,0.5885520915304018,True
56,125,0.16,0.92,75,1257.9933493179487,11.771041830608034,0.5885520915304018,True
56,125,0.16,0.92,90,1434.5589767770691,11.771041830608034,0.5885520915304018,True
56,125,0.16,0.96,30,728.2964669405872,11.771041830608034,0.5885520915304018,True
56,125,0.16,0.96,45,904.8620943997075,11.771041830608034,0.5885520915304018,True
56,125,0.16,0.96,60,1081.4277218588281,11.771041830608034,0.5885520915304018,True
56,125,0.16,0.96,75,1257.9933493179487,11.771041830608034,0.5885520915304018,True
56,125,0.16,0.96,90,1434.5589767770691,11.771041830608034,0.5885520915304018,True
56,125,0.2,0.88,30,719.66935480779,11.483471426181463,0.5741735713090733,True
56,125,0.2,0.88,45,891.9214262005121,11.483471426181463,0.5741735713090733,True
56,125,0.2,0.88,60,1064.1734975932338,11.483471426181463,0.5741735713090733,True
56,125,0.2,0.88,75,1236.425568985956,11.483471426181463,0.5741735713090733,True
56,125,0.2,0.88,90,1408.6776403786778,11.483471426181463,0.5741735713090733,True
56,125,0.2,0.92,30,719.66935480779,11.483471426181463,0.5741735713090733,True
56,125,0.2,0.92,45,891.9214262005121,11.483471426181463,0.5741735713090733,True
56,125,0.2,0.92,60,1064.1734975932338,11.483471426181463,0.5741735713090733,True
56,125,0.2,0.92,75,1236.425568985956,11.483471426181463,0.5741735713090733,True
56,125,0.2,0.92,90,1408.6776403786778,11.483471426181463,0.5741735713090733,True
56,125,0.2,0.96,30,719.66935480779,11.483471426181463,0.5741735713090733,True
56,125,0.2,0.96,45,891.9214262005121,11.483471426181463,0.5741735713090733,True
56,125,0.2,0.96,60,1064.1734975932338,11.483471426181463,0.5741735713090733,True
56,125,0.2,0.96,75,1236.425568985956,11.483471426181463,0.5741735713090733,True
56,125,0.2,0.96,90,1408.6776403786778,11.483471426181463,0.5741735713090733,True
56,125,0.24,0.88,30,713.9179467192587,11.291757823230414,0.5645878911615207,True
56,125,0.24,0.88,45,883.2943140677148,11.291757823230414,0.5645878911615207,True
56,125,0.24,0.88,60,1052.670681416171,11.291757823230414,0.5645878911615207,True
56,125,0.24,0.88,75,1222.0470487646273,11.291757823230414,0.5645878911615207,True
56,125,0.24,0.88,90,1391.4234161130835,11.291757823230414,0.5645878911615207,True
56,125,0.24,0.92,30,713.9179467192587,11.291757823230414,0.5645878911615207,True
56,125,0.24,0.92,45,883.2943140677148,11.291757823230414,0.5645878911615207,True
56,125,0.24,0.92,60,1052.670681416171,11.291757823230414,0.5645878911615207,True
56,125,0.24,0.92,75,1222.0470487646273,11.291757823230414,0.5645878911615207,True
56,125,0.24,0.92,90,1391.4234161130835,11.291757823230414,0.5645878911615207,True
56,125,0.24,0.96,30,713.9179467192587,11.291757823230414,0.5645878911615207,True
56,125,0.24,0.96,45,883.2943140677148,11.291757823230414,0.5645878911615207,True
56,125,0.24,0.96,60,1052.670681416171,11.291757823230414,0.5645878911615207,True
56,125,0.24,0.96,75,1222.0470487646273,11.291757823230414,0.5645878911615207,True
56,125,0.24,0.96,90,1391.4234161130835,11.291757823230414,0.5645878911615207,True
56,125,0.28,0.88,30,709.8097980845932,11.154819535408237,0.5577409767704119,True
56,125,0.28,0.88,45,877.1320911157169,11.154819535408237,0.5577409767704119,True
56,125,0.28,0.88,60,1044.4543841468403,11.154819535408237,0.5577409767704119,True
56,125,0.28,0.88,75,1211.776677177964,11.154819535408237,0.5577409767704119,True
56,125,0.28,0.88,90,1379.0989702090874,11.154819535408237,0.5577409767704119,True
56,125,0.28,0.92,30,709.8097980845932,11.154819535408237,0.5577409767704119,True
56,125,0.28,0.92,45,877.1320911157169,11.154819535408237,0.5577409767704119,True
56,125,0.28,0.92,60,1044.4543841468403,11.154819535408237,0.5577409767704119,True
56,125,0.28,0.92,75,1211.776677177964,11.154819535408237,0.5577409767704119,True
56,125,0.28,0.92,90,1379.0989702090874,11.154819535408237,0.5577409767704119,True
56,125,0.28,0.96,30,709.8097980845932,11.154819535408237,0.5577409767704119,True
56,125,0.28,0.96,45,877.1320911157169,11.154819535408237,0.5577409767704119,True
56,125,0.28,0.96,60,1044.4543841468403,11.154819535408237,0.5577409767704119,True
56,125,0.28,0.96,75,1211.776677177964,11.154819535408237,0.5577409767704119,True
56,125,0.28,0.96,90,1379.0989702090874,11.154819535408237,0.5577409767704119,True
56,150,0.12,0.88,30,742.6749871619157,12.250325837985654,0.6125162918992828,True
56,150,0.12,0.88,45,926.4298747317005,12.250325837985654,0.6125162918992828,True
56,150,0.12,0.88,60,1110.1847623014855,12.250325837985654,0.6125162918992828,True
56,150,0.12,0.88,75,1293.9396498712701,12.250325837985654,0.6125162918992828,True
56,150,0.12,0.88,90,1477.694537441055,12.250325837985654,0.6125162918992828,True
56,150,0.12,0.92,30,742.6749871619157,12.250325837985654,0.6125162918992828,True
56,150,0.12,0.92,45,926.4298747317005,12.250325837985654,0.6125162918992828,True
56,150,0.12,0.92,60,1110.1847623014855,12.250325837985654,0.6125162918992828,True
56,150,0.12,0.92,75,1293.9396498712701,12.250325837985654,0.6125162918992828,True
56,150,0.12,0.92,90,1477.694537441055,12.250325837985654,0.6125162918992828,True
56,150,0.12,0.96,30,742.6749871619157,12.250325837985654,0.6125162918992828,True
56,150,0.12,0.96,45,926.4298747317005,12.250325837985654,0.6125162918992828,True
56,150,0.12,0.96,60,1110.1847623014855,12.250325837985654,0.6125162918992828,True
56,150,0.12,0.96,75,1293.9396498712701,12.250325837985654,0.6125162918992828,True
56,150,0.12,0.96,90,1477.694537441055,12.250325837985654,0.6125162918992828,True
56,150,0.16,0.88,30,728.2964669405872,11.771041830608034,0.5885520915304018,True
56,150,0.16,0.88,45,904.8620943997075,11.771041830608034,0.5885520915304018,True
56,150,0.16,0.88,60,1081.4277218588281,11.771041830608034,0.5885520915304018,True
56,150,0.16,0.88,75,1257.9933493179487,11.771041830608034,0.5885520915304018,True
56,150,0.16,0.88,90,1434.5589767770691,11.771041830608034,0.5885520915304018,True
56,150,0.16,0.92,30,728.2964669405872,11.771041830608034,0.5885520915304018,True
56,150,0.16,0.92,45,904.8620943997075,11.771041830608034,0.5885520915304018,True
56,150,0.16,0.92,60,1081.4277218588281,11.771041830608034,0.5885520915304018,True
56,150,0.16,0.92,75,1257.9933493179487,11.771041830608034,0.5885520915304018,True
56,150,0.16,0.92,90,1434.5589767770691,11.771041830608034,0.5885520915304018,True
56,150,0.16,0.96,30,728.2964669405872,11.771041830608034,0.5885520915304018,True
56,150,0.16,0.96,45,904.8620943997075,11.771041830608034,0.5885520915304018,True
56,150,0.16,0.96,60,1081.4277218588281,11.771041830608034,0.5885520915304018,True
56,150,0.16,0.96,75,1257.9933493179487,11.771041830608034,0.5885520915304018,True
56,150,0.16,0.96,90,1434.5589767770691,11.771041830608034,0.5885520915304018,True
56,150,0.2,0.88,30,719.66935480779,11.483471426181463,0.5741735713090733,True
56,150,0.2,0.88,45,891.9214262005121,11.483471426181463,0.5741735713090733,True
56,150,0.2,0.88,60,1064.1734975932338,11.483471426181463,0.5741735713090733,True
56,150,0.2,0.88,75,1236.425568985956,11.483471426181463,0.5741735713090733,True
56,150,0.2,0.88,90,1408.6776403786778,11.483471426181463,0.5741735713090733,True
56,150,0.2,0.92,30,719.66935480779,11.483471426181463,0.5741735713090733,True
56,150,0.2,0.92,45,891.9214262005121,11.483471426181463,0.5741735713090733,True
56,150,0.2,0.92,60,1064.1734975932338,11.483471426181463,0.5741735713090733,True
56,150,0.2,0.92,75,1236.425568985956,11.483471426181463,0.5741735713090733,True
56,150,0.2,0.92,90,1408.6776403786778,11.483471426181463,0.5741735713090733,True
56,150,0.2,0.96,30,719.66935480779,11.483471426181463,0.5741735713090733,True
56,150,0.2,0.96,45,891.9214262005121,11.483471426181463,0.5741735713090733,True
56,150,0.2,0.96,60,1064.1734975932338,11.483471426181463,0.5741735713090733,True
56,150,0.2,0.96,75,1236.425568985956,11.483471426181463,0.5741735713090733,True
56,150,0.2,0.96,90,1408.6776403786778,11.483471426181463,0.5741735713090733,True
56,150,0.24,0.88,30,713.9179467192587,11.291757823230414,0.5645878911615207,True
56,150,0.24,0.88,45,883.2943140677148,11.291757823230414,0.5645878911615207,True
56,150,0.24,0.88,60,1052.670681416171,11.291757823230414,0.5645878911615207,True
56,150,0.24,0.88,75,1222.0470487646273,11.291757823230414,0.5645878911615207,True
56,150,0.24,0.88,90,1391.4234161130835,11.291757823230414,0.5645878911615207,True
56,150,0.24,0.92,30,713.9179467192587,11.291757823230414,0.5645878911615207,True
56,150,0.24,0.92,45,883.2943140677148,11.291757823230414,0.5645878911615207,True
56,150,0.24,0.92,60,1052.670681416171,11.291757823230414,0.5645878911615207,True
56,150,0.24,0.92,75,1222.0470487646273,11.291757823230414,0.5645878911615207,True
56,150,0.24,0.92,90,1391.4234161130835,11.291757823230414,0.5645878911615207,True
56,150,0.24,0.96,30,713.9179467192587,11.291757823230414,0.5645878911615207,True
56,150,0.24,0.96,45,883.2943140677148,11.291757823230414,0.5645878911615207,True
56,150,0.24,0.96,60,1052.670681416171,11.291757823230414,0.5645878911615207,True
56,150,0.24,0.96,75,1222.0470487646273,11.291757823230414,0.5645878911615207,True
56,150,0.24,0.96,90,1391.4234161130835,11.291757823230414,0.5645878911615207,True
56,150,0.28,0.88,30,709.8097980845932,11.154819535408237,0.5577409767704119,True
56,150,0.28,0.88,45,877.1320911157169,11.154819535408237,0.5577409767704119,True
56,150,0.28,0.88,60,1044.4543841468403,11.154819535408237,0.5577409767704119,True
56,150,0.28,0.88,75,1211.776677177964,11.154819535408237,0.5577409767704119,True
56,150,0.28,0.88,90,1379.0989702090874,11.154819535408237,0.5577409767704119,True
56,150,0.28,0.92,30,709.8097980845932,11.154819535408237,0.5577409767704119,True
56,150,0.28,0.92,45,877.1320911157169,11.154819535408237,0.5577409767704119,True
56,150,0.28,0.92,60,1044.4543841468403,11.154819535408237,0.5577409767704119,True
56,150,0.28,0.92,75,1211.776677177964,11.154819535408237,0.5577409767704119,True
56,150,0.28,0.92,90,1379.0989702090874,11.154819535408237,0.5577409767704119,True
56,150,0.28,0.96,30,709.8097980845932,11.154819535408237,0.5577409767704119,True
56,150,0.28,0.96,45,877.1320911157169,11.154819535408237,0.5577409767704119,True
56,150,0.28,0.96,60,1044.4543841468403,11.154819535408237,0.5577409767704119,True
56,150,0.28,0.96,75,1211.776677177964,11.154819535408237,0.5577409767704119,True
56,150,0.28,0.96,90,1379.0989702090874,11.154819535408237,0.5577409767704119,True
56,175,0.12,0.88,30,742.6749871619157,12.250325837985654,0.6125162918992828,True
56,175,0.12,0.88,45,926.4298747317005,12.250325837985654,0.6125162918992828,True
56,175,0.12,0.88,60,1110.1847623014855,12.250325837985654,0.6125162918992828,True
56,175,0.12,0.88,75,1293.9396498712701,12.250325837985654,0.6125162918992828,True
56,175,0.12,0.88,90,1477.694537441055,12.250325837985654,0.6125162918992828,True
56,175,0.12,0.92,30,742.6749871619157,12.250325837985654,0.6125162918992828,True
56,175,0.12,0.92,45,926.4298747317005,12.250325837985654,0.6125162918992828,True
56,175,0.12,0.92,60,1110.1847623014855,12.250325837985654,0.6125162918992828,True
56,175,0.12,0.92,75,1293.9396498712701,12.250325837985654,0.6125162918992828,True
56,175,0.12,0.92,90,1477.694537441055,12.250325837985654,0.6125162918992828,True
56,175,0.12,0.96,30,742.6749871619157,12.250325837985654,0.6125162918992828,True
56,175,0.12,0.96,45,926.4298747317005,12.250325837985654,0.6125162918992828,True
56,175,0.12,0.96,60,1110.1847623014855,12.250325837985654,0.6125162918992828,True
56,175,0.12,0.96,75,1293.9396498712701,12.250325837985654,0.6125162918992828,True
56,175,0.12,0.96,90,1477.694537441055,12.250325837985654,0.6125162918992828,True
56,175,0.16,0.88,30,728.2964669405872,11.771041830608034,0.5885520915304018,True
56,175,0.16,0.88,45,904.8620943997075,11.771041830608034,0.5885520915304018,True
56,175,0.16,0.88,60,1081.4277218588281,11.771041830608034,0.5885520915304018,True
56,175,0.16,0.88,75,1257.9933493179487,11.771041830608034,0.5885520915304018,True
56,175,0.16,0.88,90,1434.5589767770691,11.771041830608034,0.5885520915304018,True
56,175,0.16,0.92,30,728.2964669405872,11.771041830608034,0.5885520915304018,True
56,175,0.16,0.92,45,904.8620943997075,11.771041830608034,0.5885520915304018,True
56,175,0.16,0.92,60,1081.4277218588281,11.771041830608034,0.5885520915304018,True
56,175,0.16,0.92,75,1257.9933493179487,11.771041830608034,0.5885520915304018,True
56,175,0.16,0.92,90,1434.5589767770691,11.771041830608034,0.5885520915304018,True
56,175,0.16,0.96,30,728.2964669405872,11.771041830608034,0.5885520915304018,True
56,175,0.16,0.96,45,904.8620943997075,11.771041830608034,0.5885520915304018,True
56,175,0.16,0.96,60,1081.4277218588281,11.771041830608034,0.5885520915304018,True
56,175,0.16,0.96,75,1257.9933493179487,11.771041830608034,0.5885520915304018,True
56,175,0.16,0.96,90,1434.5589767770691,11.771041830608034,0.5885520915304018,True
56,175,0.2,0.88,30,719.66935480779,11.483471426181463,0.5741735713090733,True
56,175,0.2,0.88,45,891.9214262005121,11.483471426181463,0.5741735713090733,True
56,175,0.2,0.88,60,1064.1734975932338,11.483471426181463,0.5741735713090733,True
56,175,0.2,0.88,75,1236.425568985956,11.483471426181463,0.5741735713090733,True
56,175,0.2,0.88,90,1408.6776403786778,11.483471426181463,0.5741735713090733,True
56,175,0.2,0.92,30,719.66935480779,11.483471426181463,0.5741735713090733,True
56,175,0.2,0.92,45,891.9214262005121,11.483471426181463,0.5741735713090733,True
56,175,0.2,0.92,60,1064.1734975932338,11.483471426181463,0.5741735713090733,True
56,175,0.2,0.92,75,1236.425568985956,11.483471426181463,0.5741735713090733,True
56,175,0.2,0.92,90,1408.6776403786778,11.483471426181463,0.5741735713090733,True
56,175,0.2,0.96,30,719.66935480779,11.483471426181463,0.5741735713090733,True
56,175,0.2,0.96,45,891.9214262005121,11.483471426181463,0.5741735713090733,True
56,175,0.2,0.96,60,1064.1734975932338,11.483471426181463,0.5741735713090733,True
56,175,0.2,0.96,75,1236.425568985956,11.483471426181463,0.5741735713090733,True
56,175,0.2,0.96,90,1408.6776403786778,11.483471426181463,0.5741735713090733,True
56,175,0.24,0.88,30,713.9179467192587,11.291757823230414,0.5645878911615207,True
56,175,0.24,0.88,45,883.2943140677148,11.291757823230414,0.5645878911615207,True
56,175,0.24,0.88,60,1052.670681416171,11.291757823230414,0.5645878911615207,True
56,175,0.24,0.88,75,1222.0470487646273,11.291757823230414,0.5645878911615207,True
56,175,0.24,0.88,90,1391.4234161130835,11.291757823230414,0.5645878911615207,True
56,175,0.24,0.92,30,713.9179467192587,11.291757823230414,0.5645878911615207,True
56,175,0.24,0.92,45,883.2943140677148,11.291757823230414,0.5645878911615207,True
56,175,0.24,0.92,60,1052.670681416171,11.291757823230414,0.5645878911615207,True
56,175,0.24,0.92,75,1222.0470487646273,11.291757823230414,0.5645878911615207,True
56,175,0.24,0.92,90,1391.4234161130835,11.291757823230414,0.5645878911615207,True
56,175,0.24,0.96,30,713.9179467192587,11.291757823230414,0.5645878911615207,True
56,175,0.24,0.96,45,883.2943140677148,11.291757823230414,0.5645878911615207,True
56,175,0.24,0.96,60,1052.670681416171,11.291757823230414,0.5645878911615207,True
56,175,0.24,0.96,75,1222.0470487646273,11.291757823230414,0.5645878911615207,True
56,175,0.24,0.96,90,1391.4234161130835,11.291757823230414,0.5645878911615207,True
56,175,0.28,0.88,30,709.8097980845932,11.154819535408237,0.5577409767704119,True
56,175,0.28,0.88,45,877.1320911157169,11.154819535408237,0.5577409767704119,True
56,175,0.28,0.88,60,1044.4543841468403,11.154819535408237,0.5577409767704119,True
56,175,0.28,0.88,75,1211.776677177964,11.154819535408237,0.5577409767704119,True
56,175,0.28,0.88,90,1379.0989702090874,11.154819535408237,0.5577409767704119,True
56,175,0.28,0.92,30,709.8097980845932,11.154819535408237,0.5577409767704119,True
56,175,0.28,0.92,45,877.1320911157169,11.154819535408237,0.5577409767704119,True
56,175,0.28,0.92,60,1044.4543841468403,11.154819535408237,0.5577409767704119,True
56,175,0.28,0.92,75,1211.776677177964,11.154819535408237,0.5577409767704119,True
56,175,0.28,0.92,90,1379.0989702090874,11.154819535408237,0.5577409767704119,True
56,175,0.28,0.96,30,709.8097980845932,11.154819535408237,0.5577409767704119,True
56,175,0.28,0.96,45,877.1320911157169,11.154819535408237,0.5577409767704119,True
56,175,0.28,0.96,60,1044.4543841468403,11.154819535408237,0.5577409767704119,True
56,175,0.28,0.96,75,1211.776677177964,11.154819535408237,0.5577409767704119,True
56,175,0.28,0.96,90,1379.0989702090874,11.154819535408237,0.5577409767704119,True
56,200,0.12,0.88,30,742.6749871619157,12.250325837985654,0.6125162918992828,True
56,200,0.12,0.88,45,926.4298747317005,12.250325837985654,0.6125162918992828,True
56,200,0.12,0.88,60,1110.1847623014855,12.250325837985654,0.6125162918992828,True
56,200,0.12,0.88,75,1293.9396498712701,12.250325837985654,0.6125162918992828,True
56,200,0.12,0.88,90,1477.694537441055,12.250325837985654,0.6125162918992828,True
56,200,0.12,0.92,30,742.6749871619157,12.250325837985654,0.6125162918992828,True
56,200,0.12,0.92,45,926.4298747317005,12.250325837985654,0.6125162918992828,True
56,200,0.12,0.92,60,1110.1847623014855,12.250325837985654,0.6125162918992828,True
56,200,0.12,0.92,75,1293.9396498712701,12.250325837985654,0.6125162918992828,True
56,200,0.12,0.92,90,1477.694537441055,12.250325837985654,0.6125162918992828,True
56,200,0.12,0.96,30,742.6749871619157,12.250325837985654,0.6125162918992828,True
56,200,0.12,0.96,45,926.4298747317005,12.250325837985654,0.6125162918992828,True
56,200,0.12,0.96,60,1110.1847623014855,12.250325837985654,0.6125162918992828,True
56,200,0.12,0.96,75,1293.9396498712701,12.250325837985654,0.6125162918992828,True
56,200,0.12,0.96,90,1477.694537441055,12.250325837985654,0.6125162918992828,True
56,200,0.16,0.88,30,728.2964669405872,11.771041830608034,0.5885520915304018,True
56,200,0.16,0.88,45,904.8620943997075,11.771041830608034,0.5885520915304018,True
56,200,0.16,0.88,60,1081.4277218588281,11.771041830608034,0.5885520915304018,True
56,200,0.16,0.88,75,1257.9933493179487,11.771041830608034,0.5885520915304018,True
56,200,0.16,0.88,90,1434.5589767770691,11.771041830608034,0.5885520915304018,True
56,200,0.16,0.92,30,728.2964669405872,11.771041830608034,0.5885520915304018,True
56,200,0.16,0.92,45,904.8620943997075,11.771041830608034,0.5885520915304018,True
56,200,0.16,0.92,60,1081.4277218588281,11.771041830608034,0.5885520915304018,True
56,200,0.16,0.92,75,1257.9933493179487,11.771041830608034,0.5885520915304018,True
56,200,0.16,0.92,90,1434.5589767770691,11.771041830608034,0.5885520915304018,True
56,200,0.16,0.96,30,728.2964669405872,11.771041830608034,0.5885520915304018,True
56,200,0.16,0.96,45,904.8620943997075,11.771041830608034,0.5885520915304018,True
56,200,0.16,0.96,60,1081.4277218588281,11.771041830608034,0.5885520915304018,True
56,200,0.16,0.96,75,1257.9933493179487,11.771041830608034,0.5885520915304018,True
56,200,0.16,0.96,90,1434.5589767770691,11.771041830608034,0.5885520915304018,True
56,200,0.2,0.88,30,719.66935480779,11.483471426181463,0.5741735713090733,True
56,200,0.2,0.88,45,891.9214262005121,11.483471426181463,0.5741735713090733,True
56,200,0.2,0.88,60,1064.1734975932338,11.483471426181463,0.5741735713090733,True
56,200,0.2,0.88,75,1236.425568985956,11.483471426181463,0.5741735713090733,True
56,200,0.2,0.88,90,1408.6776403786778,11.483471426181463,0.5741735713090733,True
56,200,0.2,0.92,30,719.66935480779,11.483471426181463,0.5741735713090733,True
56,200,0.2,0.92,45,891.9214262005121,11.483471426181463,0.5741735713090733,True
56,200,0.2,0.92,60,1064.1734975932338,11.483471426181463,0.5741735713090733,True
56,200,0.2,0.92,75,1236.425568985956,11.483471426181463,0.5741735713090733,True
56,200,0.2,0.92,90,1408.6776403786778,11.483471426181463,0.5741735713090733,True
56,200,0.2,0.96,30,719.66935480779,11.483471426181463,0.5741735713090733,True
56,200,0.2,0.96,45,891.9214262005121,11.483471426181463,0.5741735713090733,True
56,200,0.2,0.96,60,1064.1734975932338,11.483471426181463,0.5741735713090733,True
56,200,0.2,0.96,75,1236.425568985956,11.483471426181463,0.5741735713090733,True
56,200,0.2,0.96,90,1408.6776403786778,11.483471426181463,0.5741735713090733,True
56,200,0.24,0.88,30,713.9179467192587,11.291757823230414,0.5645878911615207,True
56,200,0.24,0.88,45,883.2943140677148,11.291757823230414,0.5645878911615207,True
56,200,0.24,0.88,60,1052.670681416171,11.291757823230414,0.5645878911615207,True
56,200,0.24,0.88,75,1222.0470487646273,11.291757823230414,0.5645878911615207,True
56,200,0.24,0.88,90,1391.4234161130835,11.291757823230414,0.5645878911615207,True
56,200,0.24,0.92,30,713.9179467192587,11.291757823230414,0.5645878911615207,True
56,200,0.24,0.92,45,883.2943140677148,11.291757823230414,0.5645878911615207,True
56,200,0.24,0.92,60,1052.670681416171,11.291757823230414,0.5645878911615207,True
56,200,0.24,0.92,75,1222.0470487646273,11.291757823230414,0.5645878911615207,True
56,200,0.24,0.92,90,1391.4234161130835,11.291757823230414,0.5645878911615207,True
56,200,0.24,0.96,30,713.9179467192587,11.291757823230414,0.5645878911615207,True
56,200,0.24,0.96,45,883.2943140677148,11.291757823230414,0.5645878911615207,True
56,200,0.24,0.96,60,1052.670681416171,11.291757823230414,0.5645878911615207,True
56,200,0.24,0.96,75,1222.0470487646273,11.291757823230414,0.5645878911615207,True
56,200,0.24,0.96,90,1391.4234161130835,11.291757823230414,0.5645878911615207,True
56,200,0.28,0.88,30,709.8097980845932,11.154819535408237,0.5577409767704119,True
56,200,0.28,0.88,45,877.1320911157169,11.154819535408237,0.5577409767704119,True
56,200,0.28,0.88,60,1044.4543841468403,11.154819535408237,0.5577409767704119,True
56,200,0.28,0.88,75,1211.776677177964,11.154819535408237,0.5577409767704119,True
56,200,0.28,0.88,90,1379.0989702090874,11.154819535408237,0.5577409767704119,True
56,200,0.28,0.92,30,709.8097980845932,11.154819535408237,0.5577409767704119,True
56,200,0.28,0.92,45,877.1320911157169,11.154819535408237,0.5577409767704119,True
56,200,0.28,0.92,60,1044.4543841468403,11.154819535408237,0.5577409767704119,True
56,200,0.28,0.92,75,1211.776677177964,11.154819535408237,0.5577409767704119,True
56,200,0.28,0.92,90,1379.0989702090874,11.154819535408237,0.5577409767704119,True
56,200,0.28,0.96,30,709.8097980845932,11.154819535408237,0.5577409767704119,True
56,200,0.28,0.96,45,877.1320911157169,11.154819535408237,0.5577409767704119,True
56,200,0.28,0.96,60,1044.4543841468403,11.154819535408237,0.5577409767704119,True
56,200,0.28,0.96,75,1211.776677177964,11.154819535408237,0.5577409767704119,True
56,200,0.28,0.96,90,1379.0989702090874,11.154819535408237,0.5577409767704119,True
